insert into customer (id, first_name, last_name, city, country, phone) values (1, 'Joeann', 'Perrelle', 'Shuiyang', 'China', '830-376-1813');
insert into customer (id, first_name, last_name, city, country, phone) values (2, 'Ellie', 'Bonavia', 'Tuapukan', 'Indonesia', '103-750-0800');
insert into customer (id, first_name, last_name, city, country, phone) values (3, 'Hesther', 'Allenby', 'Lembanah', 'Indonesia', null);
insert into customer (id, first_name, last_name, city, country, phone) values (4, 'Olvan', 'Darnody', 'Greenhills', 'Ireland', '614-761-0088');
insert into customer (id, first_name, last_name, city, country, phone) values (5, 'Xena', 'Wynch', 'Tangtou', 'China', '750-500-6298');
insert into customer (id, first_name, last_name, city, country, phone) values (6, 'Liesa', 'Amiranda', 'Tampakan', 'Philippines', '534-339-3449');
insert into customer (id, first_name, last_name, city, country, phone) values (7, 'Prinz', 'Danett', 'Omuthiya', 'Namibia', '402-653-6612');
insert into customer (id, first_name, last_name, city, country, phone) values (8, 'Sherri', 'Nieass', 'Rajadesa', null, '908-626-2144');
insert into customer (id, first_name, last_name, city, country, phone) values (9, null, 'Decourcy', 'Bouna', 'Ivory Coast', null);
insert into customer (id, first_name, last_name, city, country, phone) values (10, 'Gracia', 'Mathew', 'Kiel', 'Germany', '215-432-7951');
insert into customer (id, first_name, last_name, city, country, phone) values (11, 'Sylas', 'Benwell', 'Chruszczobród', 'Poland', '505-426-8771');
insert into customer (id, first_name, last_name, city, country, phone) values (12, 'Kris', 'Whimper', 'Daxin', 'China', '382-124-8358');
insert into customer (id, first_name, last_name, city, country, phone) values (13, 'Othilia', 'Laxson', 'Waco', 'United States', '254-980-5837');
insert into customer (id, first_name, last_name, city, country, phone) values (14, 'Shane', 'Feldhorn', 'Tagta', null, '633-780-9942');
insert into customer (id, first_name, last_name, city, country, phone) values (15, 'Derrek', 'Van Leijs', 'Bakau', 'Gambia', '481-739-0535');
insert into customer (id, first_name, last_name, city, country, phone) values (16, 'Prent', 'O'' Dooley', 'Preston', null, '886-793-6836');
insert into customer (id, first_name, last_name, city, country, phone) values (17, 'Shaun', 'Jeannet', 'Mahikeng', 'South Africa', '706-636-3360');
insert into customer (id, first_name, last_name, city, country, phone) values (18, 'Yelena', 'Bibb', 'Liangbing', 'China', '157-428-9416');
insert into customer (id, first_name, last_name, city, country, phone) values (19, 'Caroljean', 'Pick', 'Ete', 'Nigeria', '668-971-9356');
insert into customer (id, first_name, last_name, city, country, phone) values (20, 'Lockwood', 'D''Orsay', 'Onitsha', 'Nigeria', '330-156-9984');
insert into customer (id, first_name, last_name, city, country, phone) values (21, 'Gabriel', 'Towle', 'Severo-Yeniseyskiy', 'Russia', '471-771-4491');
insert into customer (id, first_name, last_name, city, country, phone) values (22, 'Lyon', 'Hillhouse', 'Xigou', 'China', '498-783-6764');
insert into customer (id, first_name, last_name, city, country, phone) values (23, 'Willamina', 'Foux', 'Paris 19', 'France', '922-876-0396');
insert into customer (id, first_name, last_name, city, country, phone) values (24, 'Brigit', 'Karpychev', 'Jinshiqiao', 'China', '821-735-1275');
insert into customer (id, first_name, last_name, city, country, phone) values (25, 'Cullan', 'Kidd', 'Ol’gino', 'Russia', null);
insert into customer (id, first_name, last_name, city, country, phone) values (26, 'Vivian', 'McCathy', 'Hicksville', 'United States', null);
insert into customer (id, first_name, last_name, city, country, phone) values (27, 'Patrizius', 'Brydon', 'Xi’an', 'China', '783-898-7572');
insert into customer (id, first_name, last_name, city, country, phone) values (28, 'Christoforo', 'Murphey', 'Náousa', 'Greece', '328-373-5198');
insert into customer (id, first_name, last_name, city, country, phone) values (29, 'Didi', 'Issakov', 'Guojia', 'China', '920-871-3046');
insert into customer (id, first_name, last_name, city, country, phone) values (30, 'Blanca', 'March', 'Tajike’abati', 'China', '725-216-3627');
insert into customer (id, first_name, last_name, city, country, phone) values (31, 'Kearney', 'Cater', 'Néos Oropós', 'Greece', '117-597-4761');
insert into customer (id, first_name, last_name, city, country, phone) values (32, 'Carrie', 'Carter', 'Jorong', 'Indonesia', null);
insert into customer (id, first_name, last_name, city, country, phone) values (33, 'Haleigh', 'Ezzy', 'Ndewel', null, '447-491-1303');
insert into customer (id, first_name, last_name, city, country, phone) values (34, 'Hedi', 'McDavitt', 'Vista Hermosa', 'Panama', null);
insert into customer (id, first_name, last_name, city, country, phone) values (35, 'Alaine', 'Bunford', 'Bystřice nad Pernštejnem', 'Czech Republic', '708-154-1091');
insert into customer (id, first_name, last_name, city, country, phone) values (36, 'Gardy', 'Mealiffe', 'Yihe', 'China', '499-494-3251');
insert into customer (id, first_name, last_name, city, country, phone) values (37, 'Andonis', 'Brodeur', 'Bato', 'Philippines', '774-756-4918');
insert into customer (id, first_name, last_name, city, country, phone) values (38, 'Clarine', 'Taffarello', 'Langchi', 'China', '321-214-7662');
insert into customer (id, first_name, last_name, city, country, phone) values (39, 'Merle', 'Jedrasik', 'Baras', 'Philippines', '283-583-6055');
insert into customer (id, first_name, last_name, city, country, phone) values (40, 'Korney', 'Ronchka', 'Boketu', 'China', null);
insert into customer (id, first_name, last_name, city, country, phone) values (41, 'Ignatius', 'Quinnelly', 'Saint Helier', 'Jersey', '552-447-8882');
insert into customer (id, first_name, last_name, city, country, phone) values (42, 'Shay', 'Ickowics', 'Luján', 'Argentina', null);
insert into customer (id, first_name, last_name, city, country, phone) values (43, 'Gaston', 'Smaile', 'El Ksour', 'Tunisia', null);
insert into customer (id, first_name, last_name, city, country, phone) values (44, 'Carlo', 'Haggas', 'El Pino', 'Honduras', '864-626-4663');
insert into customer (id, first_name, last_name, city, country, phone) values (45, 'Amalita', 'De Cruze', 'Cigaras', 'Philippines', '911-257-6317');
insert into customer (id, first_name, last_name, city, country, phone) values (46, 'Carena', 'Paul', 'Qingqu', 'China', '546-449-6118');
insert into customer (id, first_name, last_name, city, country, phone) values (47, null, 'Wiltshier', 'Zhongben', 'China', '832-419-5678');
insert into customer (id, first_name, last_name, city, country, phone) values (48, 'Tamera', 'Tylor', 'Wola Uhruska', null, '797-611-3530');
insert into customer (id, first_name, last_name, city, country, phone) values (49, 'Jeanelle', 'Jaquin', 'Las Higueras', 'Argentina', '943-286-3018');
insert into customer (id, first_name, last_name, city, country, phone) values (50, 'Sinclair', 'Insole', 'Lubniewice', null, '954-877-1796');
insert into customer (id, first_name, last_name, city, country, phone) values (51, null, 'Chittock', 'Lashkar Gāh', null, null);
insert into customer (id, first_name, last_name, city, country, phone) values (52, 'Erek', 'MacPeice', 'Perniö', 'Finland', '148-556-5808');
insert into customer (id, first_name, last_name, city, country, phone) values (53, 'Garwin', 'Vaun', 'Ligang', 'China', '391-213-2121');
insert into customer (id, first_name, last_name, city, country, phone) values (54, 'Ashlan', 'Renfree', 'Tianxin', 'China', '844-505-3666');
insert into customer (id, first_name, last_name, city, country, phone) values (55, 'Ree', 'Winston', 'Caibarién', 'Cuba', '242-913-9573');
insert into customer (id, first_name, last_name, city, country, phone) values (56, 'Pet', 'Beldon', 'Ribnica na Pohorju', null, '801-110-7119');
insert into customer (id, first_name, last_name, city, country, phone) values (57, 'Clem', 'Napton', 'Grigiškės', null, '803-332-5627');
insert into customer (id, first_name, last_name, city, country, phone) values (58, 'Jermain', 'Bilovsky', 'Hengshan', 'China', '805-487-3892');
insert into customer (id, first_name, last_name, city, country, phone) values (59, 'Rufus', 'Tomasicchio', 'Xiejiaya', 'China', '458-313-9265');
insert into customer (id, first_name, last_name, city, country, phone) values (60, 'Ignatius', 'Maccaig', 'Huanglong', null, '598-702-8078');
insert into customer (id, first_name, last_name, city, country, phone) values (61, 'Ivor', 'de Bullion', 'Kham Sakae Saeng', null, '434-163-7433');
insert into customer (id, first_name, last_name, city, country, phone) values (62, 'Alex', 'Sired', 'Chojnice', 'Poland', '398-750-0294');
insert into customer (id, first_name, last_name, city, country, phone) values (63, 'Marie-ann', 'Crenshaw', 'El Capulin', 'Mexico', '587-165-2445');
insert into customer (id, first_name, last_name, city, country, phone) values (64, 'Tarah', 'Duffitt', 'Puerto Nariño', null, '942-558-5290');
insert into customer (id, first_name, last_name, city, country, phone) values (65, 'Roxanna', 'Everex', 'Miaotou', 'China', '214-790-1135');
insert into customer (id, first_name, last_name, city, country, phone) values (66, 'Ailey', 'Hagerty', 'Sidoger Lebak', 'Indonesia', '795-525-1763');
insert into customer (id, first_name, last_name, city, country, phone) values (67, 'Annette', 'Somerlie', 'Dolores', 'Nicaragua', '791-891-2922');
insert into customer (id, first_name, last_name, city, country, phone) values (68, 'Arluene', 'Baroux', 'Wangying', 'China', '484-409-9115');
insert into customer (id, first_name, last_name, city, country, phone) values (69, 'Evelyn', 'Stallan', 'Carepa', 'Colombia', '781-502-4984');
insert into customer (id, first_name, last_name, city, country, phone) values (70, 'Rois', 'Ablewhite', 'Malway', 'Philippines', '478-211-3731');
insert into customer (id, first_name, last_name, city, country, phone) values (71, 'Cleve', 'Silvers', 'Ishiki', 'Japan', '781-571-8416');
insert into customer (id, first_name, last_name, city, country, phone) values (72, 'Hugo', 'Warman', 'Chinju', null, '323-555-8545');
insert into customer (id, first_name, last_name, city, country, phone) values (73, null, 'Dogerty', 'Ryazan’', 'Russia', '913-998-0355');
insert into customer (id, first_name, last_name, city, country, phone) values (74, 'Dar', 'Pindar', 'Quevedo', 'Ecuador', null);
insert into customer (id, first_name, last_name, city, country, phone) values (75, 'Gallagher', 'Cadogan', 'Aliuroba', 'Indonesia', '236-373-9234');
insert into customer (id, first_name, last_name, city, country, phone) values (76, 'Bernie', 'Edds', 'Enschede', 'Netherlands', null);
insert into customer (id, first_name, last_name, city, country, phone) values (77, 'Anya', 'Mathiasen', 'Tarhuna', 'Libya', '648-536-9313');
insert into customer (id, first_name, last_name, city, country, phone) values (78, 'Pen', 'Soles', 'Baota', 'China', null);
insert into customer (id, first_name, last_name, city, country, phone) values (79, 'Zane', 'Burleton', 'Sumberpandan', 'Indonesia', '818-248-6738');
insert into customer (id, first_name, last_name, city, country, phone) values (80, 'Felic', 'McNirlan', 'Boñgalon', 'Philippines', null);
insert into customer (id, first_name, last_name, city, country, phone) values (81, null, 'Keerl', 'Kostino', 'Russia', '686-874-4444');
insert into customer (id, first_name, last_name, city, country, phone) values (82, 'Colleen', 'Boord', 'Tāfuna', 'American Samoa', null);
insert into customer (id, first_name, last_name, city, country, phone) values (83, 'Gaspar', 'Brosini', 'Romorantin-Lanthenay', null, '971-550-9700');
insert into customer (id, first_name, last_name, city, country, phone) values (84, 'Weylin', 'Burdfield', 'Balgatay', 'Mongolia', '270-350-2167');
insert into customer (id, first_name, last_name, city, country, phone) values (85, 'Misha', 'Overnell', 'Kuybyshev', 'Russia', '376-170-1743');
insert into customer (id, first_name, last_name, city, country, phone) values (86, 'Darlleen', 'Rosettini', 'Phibun Mangsahan', 'Thailand', '663-147-2055');
insert into customer (id, first_name, last_name, city, country, phone) values (87, 'Michaela', 'Lorenz', 'Casalinho', 'Portugal', '735-995-5261');
insert into customer (id, first_name, last_name, city, country, phone) values (88, 'Susann', 'Luciano', 'Yonghe', null, null);
insert into customer (id, first_name, last_name, city, country, phone) values (89, 'Tanny', 'Lemm', 'Mogoditshane', null, null);
insert into customer (id, first_name, last_name, city, country, phone) values (90, 'Gisele', 'Cowlam', 'Barţa‘ah ash Sharqīyah', 'Palestinian Territory', '276-856-9066');
insert into customer (id, first_name, last_name, city, country, phone) values (91, 'Rudie', 'Smaleman', 'Palos', 'Tajikistan', '664-661-3077');
insert into customer (id, first_name, last_name, city, country, phone) values (92, 'Daniel', 'Swanbourne', 'Wanquan', 'China', null);
insert into customer (id, first_name, last_name, city, country, phone) values (93, 'Terry', 'Rodenburg', 'Viljandi', 'Estonia', '974-343-8480');
insert into customer (id, first_name, last_name, city, country, phone) values (94, 'Hanan', 'Dorricott', 'Dukhovnitskoye', 'Russia', '758-494-6747');
insert into customer (id, first_name, last_name, city, country, phone) values (95, null, 'Dummett', 'Oju', 'Nigeria', '380-155-2286');
insert into customer (id, first_name, last_name, city, country, phone) values (96, 'Terri-jo', 'Lies', 'Cabañas', 'Guatemala', '185-576-0439');
insert into customer (id, first_name, last_name, city, country, phone) values (97, 'Helge', 'Semarke', 'Alto de la Estancia', 'Panama', '974-903-5826');
insert into customer (id, first_name, last_name, city, country, phone) values (98, null, 'Lumbley', 'Pindi Gheb', 'Pakistan', null);
insert into customer (id, first_name, last_name, city, country, phone) values (99, 'Cary', 'Worsfield', 'Sucre', null, null);
insert into customer (id, first_name, last_name, city, country, phone) values (100, 'Hayley', 'Jahnisch', 'Puconci', 'Slovenia', null);

insert into supplier (id, company_name, contact_name, contact_title, city, country, phone, fax) values (1, 'Kwideo', 'Aldis Hoult', 'Senior Financial Analyst', null, 'Czech Republic', '900-687-0948', '136-828-8265');
insert into supplier (id, company_name, contact_name, contact_title, city, country, phone, fax) values (2, 'Meezzy', 'Cobbie Touret', 'Dental Hygienist', 'Yu’erhong', 'China', '146-686-3319', '229-511-5538');
insert into supplier (id, company_name, contact_name, contact_title, city, country, phone, fax) values (3, 'Chatterpoint', 'Heall Slater', 'Internal Auditor', 'Jendouba', 'Tunisia', '130-256-7373', null);
insert into supplier (id, company_name, contact_name, contact_title, city, country, phone, fax) values (4, 'Roombo', 'Carmine Riquet', 'GIS Technical Architect', 'Cabo Frio', 'Brazil', '488-788-3581', null);
insert into supplier (id, company_name, contact_name, contact_title, city, country, phone, fax) values (5, 'Buzzdog', 'Blake Brandli', null, 'Dongfu', 'China', '697-742-4474', '538-325-8611');
insert into supplier (id, company_name, contact_name, contact_title, city, country, phone, fax) values (6, 'Kaymbo', 'Brittaney Annetts', null, null, 'Lithuania', '928-339-8995', '353-309-6106');
insert into supplier (id, company_name, contact_name, contact_title, city, country, phone, fax) values (7, 'Thoughtstorm', 'Durand Prettyman', null, 'Złoty Stok', 'Poland', '627-176-7071', '988-798-6265');
insert into supplier (id, company_name, contact_name, contact_title, city, country, phone, fax) values (8, 'Flashpoint', 'Heindrick Gowdy', 'Legal Assistant', 'Ansermanuevo', 'Colombia', '321-718-9586', '259-787-6551');
insert into supplier (id, company_name, contact_name, contact_title, city, country, phone, fax) values (9, 'Oba', 'Renae Kidd', null, 'Rancharia', 'Brazil', '741-999-0144', null);
insert into supplier (id, company_name, contact_name, contact_title, city, country, phone, fax) values (10, 'Kanoodle', 'Ryon Eby', 'Data Coordiator', 'Suocheng', 'China', '626-405-0410', null);
insert into supplier (id, company_name, contact_name, contact_title, city, country, phone, fax) values (11, 'Topicblab', 'Gayel Grissett', 'General Manager', 'El Ksour', null, '387-191-3957', '733-133-1009');
insert into supplier (id, company_name, contact_name, contact_title, city, country, phone, fax) values (12, 'Topicstorm', 'Muire Pogue', 'Desktop Support Technician', 'Columbus', 'United States', '614-594-4483', null);
insert into supplier (id, company_name, contact_name, contact_title, city, country, phone, fax) values (13, 'Oyoyo', 'Royce Loutheane', 'Environmental Specialist', 'Moss', 'Norway', '744-104-3128', '228-227-7501');
insert into supplier (id, company_name, contact_name, contact_title, city, country, phone, fax) values (14, 'Fivebridge', 'Ortensia Carleton', 'Legal Assistant', 'Kulykiv', 'Ukraine', '820-214-6273', null);
insert into supplier (id, company_name, contact_name, contact_title, city, country, phone, fax) values (15, 'Roodel', 'Alain Crosoer', 'Computer Systems Analyst I', 'Norakert', 'Armenia', '446-773-7228', '965-570-0834');
insert into supplier (id, company_name, contact_name, contact_title, city, country, phone, fax) values (16, 'Mynte', 'Erie Bellay', 'Environmental Specialist', 'Saboyá', 'Colombia', '982-428-6582', null);
insert into supplier (id, company_name, contact_name, contact_title, city, country, phone, fax) values (17, 'Zava', 'Faber Adamovitch', 'Editor', 'Cacoal', 'Brazil', '897-722-8698', null);
insert into supplier (id, company_name, contact_name, contact_title, city, country, phone, fax) values (18, 'Realblab', 'Merrile Lewzey', null, 'Orillia', 'Canada', '652-795-8472', '841-405-6855');
insert into supplier (id, company_name, contact_name, contact_title, city, country, phone, fax) values (19, 'DabZ', 'Hendrick Pinching', 'Graphic Designer', 'Toshbuloq', 'Uzbekistan', '889-953-5565', '780-595-2517');
insert into supplier (id, company_name, contact_name, contact_title, city, country, phone, fax) values (20, 'Wordpedia', 'Buffy Parlor', 'Mechanical Systems Engineer', 'Kuwayris Sharqī', 'Syria', '679-702-5023', null);
insert into supplier (id, company_name, contact_name, contact_title, city, country, phone, fax) values (21, 'Tagchat', 'Kylie Morrid', 'Sales Associate', null, 'Ukraine', '185-727-1384', null);
insert into supplier (id, company_name, contact_name, contact_title, city, country, phone, fax) values (22, 'Dynabox', 'James Whitlock', 'Senior Financial Analyst', null, 'Thailand', '875-500-6511', '512-735-5904');
insert into supplier (id, company_name, contact_name, contact_title, city, country, phone, fax) values (23, 'Quatz', 'Corena Breen', 'Computer Systems Analyst III', 'Granja', 'Brazil', '730-778-2322', '370-169-5768');
insert into supplier (id, company_name, contact_name, contact_title, city, country, phone, fax) values (24, 'LiveZ', 'Gaby Knapper', 'VP Accounting', 'Grimstad', 'Norway', '537-536-9916', null);
insert into supplier (id, company_name, contact_name, contact_title, city, country, phone, fax) values (25, 'Flashset', 'Dena Pauleau', 'Research Nurse', 'Tarutung', 'Indonesia', '311-882-2822', null);
insert into supplier (id, company_name, contact_name, contact_title, city, country, phone, fax) values (26, 'Brainbox', 'Sibylla Wager', 'Tax Accountant', 'Gabao', 'Philippines', '163-698-7428', '276-490-0190');
insert into supplier (id, company_name, contact_name, contact_title, city, country, phone, fax) values (27, 'Riffpath', 'Maryann Brownsett', 'Geologist I', 'Kurnāz', null, '980-373-9978', null);
insert into supplier (id, company_name, contact_name, contact_title, city, country, phone, fax) values (28, 'Cogilith', 'Vivie Mesant', null, 'Panineungan', 'Indonesia', '582-972-2413', '772-677-4167');
insert into supplier (id, company_name, contact_name, contact_title, city, country, phone, fax) values (29, 'Edgepulse', 'Kessiah Levicount', 'Web Developer I', 'Bailadores', 'Venezuela', '447-822-1895', '202-875-6266');
insert into supplier (id, company_name, contact_name, contact_title, city, country, phone, fax) values (30, 'Skynoodle', 'Jessamine Costa', 'Business Systems Development Analyst', 'Belén de Umbría', 'Colombia', '732-980-1992', null);
insert into supplier (id, company_name, contact_name, contact_title, city, country, phone, fax) values (31, 'Bluezoom', 'Noelle Cressey', null, '‘Anīn', 'Palestinian Territory', '404-584-5789', null);
insert into supplier (id, company_name, contact_name, contact_title, city, country, phone, fax) values (32, 'Voonte', 'Dagny Boxill', 'VP Product Management', 'Batulawang', 'Indonesia', '476-736-2597', '157-579-2905');
insert into supplier (id, company_name, contact_name, contact_title, city, country, phone, fax) values (33, 'Oloo', 'Shela Shucksmith', 'Research Associate', 'Shangyang', 'China', '826-375-6099', '552-812-9367');
insert into supplier (id, company_name, contact_name, contact_title, city, country, phone, fax) values (34, 'Gabtune', 'Lory Kiff', 'Recruiter', 'Skýros', 'Greece', '779-554-7702', '548-639-8720');
insert into supplier (id, company_name, contact_name, contact_title, city, country, phone, fax) values (35, 'Abata', 'Neille Suscens', 'Community Outreach Specialist', 'Ongi', 'Mongolia', '596-217-3707', null);
insert into supplier (id, company_name, contact_name, contact_title, city, country, phone, fax) values (36, 'Ntags', 'Clari Tamburi', 'VP Marketing', 'Yurkivka', 'Ukraine', '659-808-1438', '331-502-8427');
insert into supplier (id, company_name, contact_name, contact_title, city, country, phone, fax) values (37, 'Meevee', 'Connie Gilardengo', 'Recruiter', 'Achanizo', 'Peru', '792-544-7465', '669-475-0411');
insert into supplier (id, company_name, contact_name, contact_title, city, country, phone, fax) values (38, 'Zoovu', 'Kala Klagges', 'Librarian', 'Shuangjie', 'China', '275-289-1567', '110-425-9309');
insert into supplier (id, company_name, contact_name, contact_title, city, country, phone, fax) values (39, 'Cogilith', 'Leena Tomblin', 'Developer II', 'Guapi', 'Colombia', '383-365-5295', '112-441-9544');
insert into supplier (id, company_name, contact_name, contact_title, city, country, phone, fax) values (40, 'Skaboo', 'Quincy Rowaszkiewicz', null, 'Goléré', 'Senegal', '935-351-4002', '379-592-7906');
insert into supplier (id, company_name, contact_name, contact_title, city, country, phone, fax) values (41, 'Jayo', 'Dunc Breitler', 'Structural Analysis Engineer', 'Azenha', 'Portugal', '345-371-0126', null);
insert into supplier (id, company_name, contact_name, contact_title, city, country, phone, fax) values (42, 'Aibox', 'Georgie Mumberson', 'Design Engineer', 'Banaybanay', 'Philippines', '890-521-5122', '999-186-4269');
insert into supplier (id, company_name, contact_name, contact_title, city, country, phone, fax) values (43, 'Bubbletube', 'Wade Chesterton', 'Budget/Accounting Analyst III', 'Krasnyy Luch', 'Ukraine', '821-726-6640', '128-858-8499');
insert into supplier (id, company_name, contact_name, contact_title, city, country, phone, fax) values (44, 'Babbleblab', 'Gearard Swayland', 'Technical Writer', 'Valinhos', 'Brazil', '451-445-8594', '667-575-1414');
insert into supplier (id, company_name, contact_name, contact_title, city, country, phone, fax) values (45, 'Browsezoom', 'Dean Burkhill', 'Dental Hygienist', 'Opol', 'Philippines', '214-451-4347', '321-954-0142');
insert into supplier (id, company_name, contact_name, contact_title, city, country, phone, fax) values (46, 'Talane', 'Callida Budge', 'Internal Auditor', 'Tangchi', 'China', '649-786-9113', null);
insert into supplier (id, company_name, contact_name, contact_title, city, country, phone, fax) values (47, 'Skyvu', 'Norbert Halladey', 'Safety Technician III', 'Momanalu', 'Indonesia', '434-581-5074', null);
insert into supplier (id, company_name, contact_name, contact_title, city, country, phone, fax) values (48, 'Kaymbo', 'Ddene Radnedge', 'General Manager', 'Gračec', 'Croatia', '628-352-0842', '612-987-3104');
insert into supplier (id, company_name, contact_name, contact_title, city, country, phone, fax) values (49, 'Aimbo', 'Ty Tackley', 'Associate Professor', 'Berëzovyy', null, '665-949-6577', '650-441-1208');
insert into supplier (id, company_name, contact_name, contact_title, city, country, phone, fax) values (50, 'Tagopia', 'Glyn Trusslove', null, 'Compiègne', 'France', '168-806-2942', null);
insert into supplier (id, company_name, contact_name, contact_title, city, country, phone, fax) values (51, 'Dabfeed', 'Padriac Taylo', 'VP Product Management', 'Houmt Souk', 'Tunisia', '116-876-2453', null);
insert into supplier (id, company_name, contact_name, contact_title, city, country, phone, fax) values (52, 'Gigaclub', 'Jody Pietrowicz', 'VP Accounting', 'Algueirão', 'Portugal', '181-698-3806', '449-497-9699');
insert into supplier (id, company_name, contact_name, contact_title, city, country, phone, fax) values (53, 'Riffpath', 'Drucy Howett', 'Marketing Assistant', 'Kinalansan', 'Philippines', '117-354-0096', null);
insert into supplier (id, company_name, contact_name, contact_title, city, country, phone, fax) values (54, 'Brainsphere', 'Gabriell Conyers', 'Electrical Engineer', 'Záhorovice', 'Czech Republic', '449-737-6230', '113-239-0452');
insert into supplier (id, company_name, contact_name, contact_title, city, country, phone, fax) values (55, 'Oyoloo', 'Jorrie Tolwood', 'Structural Engineer', 'Ad Dilam', 'Saudi Arabia', '751-530-6563', null);
insert into supplier (id, company_name, contact_name, contact_title, city, country, phone, fax) values (56, 'Roombo', 'Maynard Doppler', 'Statistician I', 'Huazhai', 'China', '109-947-2248', null);
insert into supplier (id, company_name, contact_name, contact_title, city, country, phone, fax) values (57, 'Edgetag', 'Harlen Kibby', 'Actuary', 'Xiangshun', 'China', '223-121-5106', '122-765-9719');
insert into supplier (id, company_name, contact_name, contact_title, city, country, phone, fax) values (58, 'Skipstorm', 'Kessiah Littleproud', 'Graphic Designer', 'Sam Phran', 'Thailand', '407-627-5939', null);
insert into supplier (id, company_name, contact_name, contact_title, city, country, phone, fax) values (59, 'Ozu', 'Kristin MacNess', 'General Manager', 'Płońsk', 'Poland', '982-132-3085', '574-846-7989');
insert into supplier (id, company_name, contact_name, contact_title, city, country, phone, fax) values (60, 'Mydo', 'Tamarra Tesoe', 'Systems Administrator IV', 'Tartu', null, '105-348-0940', null);
insert into supplier (id, company_name, contact_name, contact_title, city, country, phone, fax) values (61, 'Riffpath', 'Arlana Groundwater', 'Geological Engineer', 'Pecoro', 'Indonesia', '739-811-2166', null);
insert into supplier (id, company_name, contact_name, contact_title, city, country, phone, fax) values (62, 'Cogibox', 'Chere Shorthouse', 'Recruiter', null, 'China', '524-866-0373', null);
insert into supplier (id, company_name, contact_name, contact_title, city, country, phone, fax) values (63, 'Omba', 'Vere Hastewell', null, 'Farap', 'Turkmenistan', '641-886-8819', '111-903-6913');
insert into supplier (id, company_name, contact_name, contact_title, city, country, phone, fax) values (64, 'JumpXS', 'Duffie Pitchford', 'Structural Engineer', 'Moche', 'Peru', '151-594-7786', null);
insert into supplier (id, company_name, contact_name, contact_title, city, country, phone, fax) values (65, 'Jamia', 'Boothe Eighteen', 'Design Engineer', 'Chornobay', 'Ukraine', '263-391-5264', '614-130-3949');
insert into supplier (id, company_name, contact_name, contact_title, city, country, phone, fax) values (66, 'Voolith', 'Riley Daud', 'Accountant I', 'Taiping', 'China', '222-410-8858', '229-652-2145');
insert into supplier (id, company_name, contact_name, contact_title, city, country, phone, fax) values (67, 'Meetz', 'Sibley Fauguel', 'Sales Associate', 'Chamouny', null, '508-835-6206', '965-834-7811');
insert into supplier (id, company_name, contact_name, contact_title, city, country, phone, fax) values (68, 'Gabvine', 'Elisha Sappy', null, 'Gunan', 'China', '660-394-1986', '305-326-1511');
insert into supplier (id, company_name, contact_name, contact_title, city, country, phone, fax) values (69, 'Dabtype', 'Cody Haslewood', 'Operator', 'Osieczna', 'Poland', '310-817-0322', '587-476-4047');
insert into supplier (id, company_name, contact_name, contact_title, city, country, phone, fax) values (70, 'Linkbridge', 'Neila Breewood', 'Software Engineer IV', 'Kansas City', 'United States', '816-327-5493', '612-573-9181');
insert into supplier (id, company_name, contact_name, contact_title, city, country, phone, fax) values (71, 'Yodel', 'Jeanelle Sutherby', 'Human Resources Manager', 'Bambanglipuro', 'Indonesia', '862-702-3920', '796-986-6817');
insert into supplier (id, company_name, contact_name, contact_title, city, country, phone, fax) values (72, 'Quinu', 'Panchito Jellings', 'Associate Professor', 'Enjiang', 'China', '370-958-8698', '734-381-8349');
insert into supplier (id, company_name, contact_name, contact_title, city, country, phone, fax) values (73, 'Agimba', 'Evelyn Foucard', 'Internal Auditor', 'Dalazi', 'China', '797-488-3137', '261-177-0210');
insert into supplier (id, company_name, contact_name, contact_title, city, country, phone, fax) values (74, 'Muxo', 'Nanni Kensy', 'Project Manager', null, 'Japan', '829-247-7025', '578-421-5676');
insert into supplier (id, company_name, contact_name, contact_title, city, country, phone, fax) values (75, 'Quamba', 'Wilow Engelmann', 'Financial Advisor', 'Caja', 'Peru', '115-493-0221', null);
insert into supplier (id, company_name, contact_name, contact_title, city, country, phone, fax) values (76, 'Wikizz', 'Christyna Chandlar', 'Chief Design Engineer', 'Jindui', 'China', '318-353-0936', null);
insert into supplier (id, company_name, contact_name, contact_title, city, country, phone, fax) values (77, 'Quatz', 'Linoel De Michetti', 'Analog Circuit Design manager', null, 'Philippines', '811-967-7229', '371-133-2608');
insert into supplier (id, company_name, contact_name, contact_title, city, country, phone, fax) values (78, 'Voomm', 'Alard Farryn', 'Chemical Engineer', 'Fredrikstad', 'Norway', '397-834-0208', null);
insert into supplier (id, company_name, contact_name, contact_title, city, country, phone, fax) values (79, 'Oba', 'Donielle MacGorrie', 'Developer III', null, 'Indonesia', '147-791-4419', '332-931-3882');
insert into supplier (id, company_name, contact_name, contact_title, city, country, phone, fax) values (80, 'Oloo', 'Tami Rutherforth', 'Senior Developer', 'Ciénega', 'Colombia', '108-217-0653', '787-675-5477');
insert into supplier (id, company_name, contact_name, contact_title, city, country, phone, fax) values (81, 'Chatterpoint', 'Cathrine Bartolomeazzi', 'Statistician II', 'Sittwe', 'Myanmar', '775-727-6916', '747-932-1387');
insert into supplier (id, company_name, contact_name, contact_title, city, country, phone, fax) values (82, 'Jayo', 'Corine Blasing', 'Accounting Assistant IV', null, 'Greece', '146-729-6281', '460-134-8385');
insert into supplier (id, company_name, contact_name, contact_title, city, country, phone, fax) values (83, 'Flipstorm', 'Carie Sich', 'Web Designer II', 'Dizhai', 'China', '722-266-4796', '362-597-3840');
insert into supplier (id, company_name, contact_name, contact_title, city, country, phone, fax) values (84, 'Yodel', 'Eula Whylie', 'Accounting Assistant II', 'Pau', 'France', '543-472-5338', '376-635-5484');
insert into supplier (id, company_name, contact_name, contact_title, city, country, phone, fax) values (85, 'Devshare', 'Bernhard Awde', 'Staff Accountant IV', 'Vale Maceiras', 'Portugal', '680-258-1691', null);
insert into supplier (id, company_name, contact_name, contact_title, city, country, phone, fax) values (86, 'Avavee', 'Heda Hallbord', 'Technical Writer', 'Montrouge', 'France', '682-989-9486', '461-930-0348');
insert into supplier (id, company_name, contact_name, contact_title, city, country, phone, fax) values (87, 'Avavee', 'Leo Lauret', null, 'Novohrad-Volyns’kyy', 'Ukraine', '997-537-1804', '477-445-2189');
insert into supplier (id, company_name, contact_name, contact_title, city, country, phone, fax) values (88, 'Avavee', 'Mattie Veillard', 'Staff Scientist', 'Ell', 'Luxembourg', '924-881-7520', null);
insert into supplier (id, company_name, contact_name, contact_title, city, country, phone, fax) values (89, 'Flipopia', 'Bordy Agirre', 'Internal Auditor', null, 'Greece', '209-636-0457', null);
insert into supplier (id, company_name, contact_name, contact_title, city, country, phone, fax) values (90, 'Shufflebeat', 'Sybyl Parkins', 'Recruiting Manager', 'Catungawan Sur', 'Philippines', '357-689-3877', null);
insert into supplier (id, company_name, contact_name, contact_title, city, country, phone, fax) values (91, 'Mybuzz', 'Harvey Duffield', 'Safety Technician IV', 'Strellc i Ulët', 'Kosovo', '557-473-5184', null);
insert into supplier (id, company_name, contact_name, contact_title, city, country, phone, fax) values (92, 'Camimbo', 'Waite Meadows', 'Physical Therapy Assistant', 'Kendalngupuk', 'Indonesia', '656-151-5632', '328-544-0026');
insert into supplier (id, company_name, contact_name, contact_title, city, country, phone, fax) values (93, 'InnoZ', 'Allen Markushkin', 'Staff Accountant I', 'El Refugio', 'Mexico', '919-940-1470', '819-168-8649');
insert into supplier (id, company_name, contact_name, contact_title, city, country, phone, fax) values (94, 'Brainlounge', 'Sarita Winchcombe', 'Mechanical Systems Engineer', null, null, '358-946-6584', '331-179-6872');
insert into supplier (id, company_name, contact_name, contact_title, city, country, phone, fax) values (95, 'Quatz', 'Nickie Chessun', 'Software Consultant', 'Yangying', 'China', '506-530-4596', null);
insert into supplier (id, company_name, contact_name, contact_title, city, country, phone, fax) values (96, 'Meedoo', 'Marylou Misselbrook', 'Systems Administrator IV', 'Chiang Yuen', 'Thailand', '203-413-3148', '615-888-8526');
insert into supplier (id, company_name, contact_name, contact_title, city, country, phone, fax) values (97, 'Topdrive', 'Honey Dorgon', 'Office Assistant II', null, 'China', '442-667-3636', '828-458-9861');
insert into supplier (id, company_name, contact_name, contact_title, city, country, phone, fax) values (98, 'Vinder', 'Farris Trelease', 'Human Resources Assistant I', null, 'Sweden', '661-225-4228', '406-563-6036');
insert into supplier (id, company_name, contact_name, contact_title, city, country, phone, fax) values (99, 'Jabbersphere', 'Tamiko Rouch', 'Data Coordiator', 'Ribeira', 'Portugal', '983-199-5259', '620-129-4702');
insert into supplier (id, company_name, contact_name, contact_title, city, country, phone, fax) values (100, 'Jaloo', 'Gerianna Grewer', 'Information Systems Manager', 'Bakau', 'Indonesia', '427-523-1022', '269-475-9239');

insert into product (id, product_name, supplier_id, unit_price, package, is_discontinued) values (1, 'Pepper - Roasted Red', 87, 1760.98, 'Milkwort Knotweed', true);
insert into product (id, product_name, supplier_id, unit_price, package, is_discontinued) values (2, 'Butter Ripple - Phillips', 55, 1139.53, 'White Baneberry', true);
insert into product (id, product_name, supplier_id, unit_price, package, is_discontinued) values (3, 'Beer - Blue Light', 93, 715.86, 'Emory Oak', false);
insert into product (id, product_name, supplier_id, unit_price, package, is_discontinued) values (4, 'Wine - Bourgogne 2002, La', 89, 1453.79, 'Woolly Princesplume', true);
insert into product (id, product_name, supplier_id, unit_price, package, is_discontinued) values (5, 'Muffin Mix - Raisin Bran', 71, 626.81, 'Cushenbury Buckwheat', false);
insert into product (id, product_name, supplier_id, unit_price, package, is_discontinued) values (6, 'Split Peas - Yellow, Dry', 54, 1018.69, 'Canyon Sunflower', true);
insert into product (id, product_name, supplier_id, unit_price, package, is_discontinued) values (7, 'Lumpfish Black', 90, 665.26, 'Mexican Indian Paintbrush', false);
insert into product (id, product_name, supplier_id, unit_price, package, is_discontinued) values (8, 'Honey - Comb', 69, 1111.84, 'White Rose Of York', false);
insert into product (id, product_name, supplier_id, unit_price, package, is_discontinued) values (9, 'Wine - Wyndham Estate Bin 777', 37, 656.63, 'Giant Reed', true);
insert into product (id, product_name, supplier_id, unit_price, package, is_discontinued) values (10, 'Pasta - Fett Alfredo, Single Serve', 14, 1408.16, 'Hookeria Moss', false);
insert into product (id, product_name, supplier_id, unit_price, package, is_discontinued) values (11, 'Icecream - Dibs', 9, 905.56, 'Rockcress', true);
insert into product (id, product_name, supplier_id, unit_price, package, is_discontinued) values (12, 'Pork - Bacon, Double Smoked', 23, 1206.73, 'Campylopus Moss', true);
insert into product (id, product_name, supplier_id, unit_price, package, is_discontinued) values (13, 'External Supplier', 88, 972.5, 'Pennell''s Bird''s Beak', false);
insert into product (id, product_name, supplier_id, unit_price, package, is_discontinued) values (14, 'Cake - Box Window 10x10x2.5', 48, 615.26, 'Klamath Mountain Buckwheat', true);
insert into product (id, product_name, supplier_id, unit_price, package, is_discontinued) values (15, 'Carbonated Water - Strawberry', 58, 1026.9, 'Compton Oak', true);
insert into product (id, product_name, supplier_id, unit_price, package, is_discontinued) values (16, 'Soup Campbells Mexicali Tortilla', 11, 1200.12, 'Rhizomnium Moss', false);
insert into product (id, product_name, supplier_id, unit_price, package, is_discontinued) values (17, 'Wine - Lamancha Do Crianza', 18, 558.84, 'Ullucus', false);
insert into product (id, product_name, supplier_id, unit_price, package, is_discontinued) values (18, 'Worcestershire Sauce', 71, 985.92, 'Gray Alder', true);
insert into product (id, product_name, supplier_id, unit_price, package, is_discontinued) values (19, 'Plate Pie Foil', 17, 877.74, 'Dill', true);
insert into product (id, product_name, supplier_id, unit_price, package, is_discontinued) values (20, 'Bread - Dark Rye, Loaf', 39, 1025.62, 'Parish''s Eryngo', false);
insert into product (id, product_name, supplier_id, unit_price, package, is_discontinued) values (21, 'Huck White Towels', 56, 784.27, 'Hybrid Stonecrop', true);
insert into product (id, product_name, supplier_id, unit_price, package, is_discontinued) values (22, 'Crackers - Trio', 65, 1120.76, 'Puerto Rico Clearweed', true);
insert into product (id, product_name, supplier_id, unit_price, package, is_discontinued) values (23, 'Soup - Cream Of Broccoli, Dry', 37, 852.04, 'Kuleshan Sarcogyne Lichen', false);
insert into product (id, product_name, supplier_id, unit_price, package, is_discontinued) values (24, 'Pepper - Red Chili', 99, 1268.86, 'Mojave Sage', false);
insert into product (id, product_name, supplier_id, unit_price, package, is_discontinued) values (25, 'Sea Bass - Fillets', 58, 822.97, null, true);
insert into product (id, product_name, supplier_id, unit_price, package, is_discontinued) values (26, 'Pie Shell - 9', 9, 763.68, 'Colombian Rockcap Fern', true);
insert into product (id, product_name, supplier_id, unit_price, package, is_discontinued) values (27, 'Icecream - Dibs', 64, 1072.18, 'Graphina Lichen', false);
insert into product (id, product_name, supplier_id, unit_price, package, is_discontinued) values (28, 'Chicken - Bones', 65, 1264.04, 'Wright''s Amaranth', true);
insert into product (id, product_name, supplier_id, unit_price, package, is_discontinued) values (29, 'Juice - Apple, 500 Ml', 15, 1175.08, null, false);
insert into product (id, product_name, supplier_id, unit_price, package, is_discontinued) values (30, 'Red Snapper - Fillet, Skin On', 90, 1271.06, 'Smooth Elephantsfoot', false);
insert into product (id, product_name, supplier_id, unit_price, package, is_discontinued) values (31, 'Plasticforkblack', 31, 1594.41, 'Thick Ditch Crowngrass', true);
insert into product (id, product_name, supplier_id, unit_price, package, is_discontinued) values (32, 'Calypso - Strawberry Lemonade', 57, 1420.81, 'Solitary Milkvetch', true);
insert into product (id, product_name, supplier_id, unit_price, package, is_discontinued) values (33, 'Pork - Bacon Cooked Slcd', 94, 934.67, 'Chaenothecopsis Lichen', false);
insert into product (id, product_name, supplier_id, unit_price, package, is_discontinued) values (34, 'Bread - Roll, Calabrese', 29, 1026.01, 'Brazilian Nightshade', true);
insert into product (id, product_name, supplier_id, unit_price, package, is_discontinued) values (35, 'Mushroom - Crimini', 14, 950.37, 'Bebb''s Sedge', false);
insert into product (id, product_name, supplier_id, unit_price, package, is_discontinued) values (36, 'Lamb - Loin, Trimmed, Boneless', 97, 922.79, 'Texas Pricklyleaf', true);
insert into product (id, product_name, supplier_id, unit_price, package, is_discontinued) values (37, 'Pectin', 52, 953.47, 'Spoonleaf Cyanea', true);
insert into product (id, product_name, supplier_id, unit_price, package, is_discontinued) values (38, 'Pate Pans Yellow', 26, 649.78, 'Annual Wheatgrass', true);
insert into product (id, product_name, supplier_id, unit_price, package, is_discontinued) values (39, 'Onions - Spanish', 2, 939.09, 'Wild Chives', false);
insert into product (id, product_name, supplier_id, unit_price, package, is_discontinued) values (40, 'Lamb - Bones', 56, 1405.8, 'Viscid Acacia', true);
insert into product (id, product_name, supplier_id, unit_price, package, is_discontinued) values (41, 'Beef - Ox Tail, Frozen', 79, 1207.74, 'Parasitic Ghostplant', true);
insert into product (id, product_name, supplier_id, unit_price, package, is_discontinued) values (42, 'Wine - Red, Metus Rose', 95, 1103.03, 'Sensitive Fern', true);
insert into product (id, product_name, supplier_id, unit_price, package, is_discontinued) values (43, 'Oil - Olive', 49, 951.44, 'Santa Barbara Milkvetch', true);
insert into product (id, product_name, supplier_id, unit_price, package, is_discontinued) values (44, 'Cream - 10%', 60, 1023.85, 'Chia', false);
insert into product (id, product_name, supplier_id, unit_price, package, is_discontinued) values (45, 'Lime Cordial - Roses', 87, 1464.85, 'Thoroughwort', false);
insert into product (id, product_name, supplier_id, unit_price, package, is_discontinued) values (46, 'Pepper - Red Bell', 70, 1336.88, 'Oriental Poppy', true);
insert into product (id, product_name, supplier_id, unit_price, package, is_discontinued) values (47, 'Pastry - Carrot Muffin - Mini', 78, 884.38, 'Pineland Milkberry', false);
insert into product (id, product_name, supplier_id, unit_price, package, is_discontinued) values (48, 'Pepper - Red Thai', 72, 633.0, 'Koolau Range Cheesewood', false);
insert into product (id, product_name, supplier_id, unit_price, package, is_discontinued) values (49, 'Coffee Caramel Biscotti', 62, 948.75, 'Swamp Doghobble', false);
insert into product (id, product_name, supplier_id, unit_price, package, is_discontinued) values (50, 'Coffee - Dark Roast', 41, 738.66, 'Bigelow''s Beggarticks', true);
insert into product (id, product_name, supplier_id, unit_price, package, is_discontinued) values (51, 'Doilies - 12, Paper', 21, 1305.03, 'Cottongrass', false);
insert into product (id, product_name, supplier_id, unit_price, package, is_discontinued) values (52, 'Sugar - Splenda Sweetener', 25, 1154.65, 'Beardless Rabbitsfoot Grass', false);
insert into product (id, product_name, supplier_id, unit_price, package, is_discontinued) values (53, 'Pastry - Mini French Pastries', 58, 744.19, 'Longstem Milkwort', false);
insert into product (id, product_name, supplier_id, unit_price, package, is_discontinued) values (54, 'Cake - Bande Of Fruit', 38, 860.16, 'Carpet Burrweed', false);
insert into product (id, product_name, supplier_id, unit_price, package, is_discontinued) values (55, 'Pastrami', 51, 840.58, 'Millboro Leather Flower', true);
insert into product (id, product_name, supplier_id, unit_price, package, is_discontinued) values (56, 'Thyme - Dried', 30, 476.58, 'Sandscrub Ceanothus', true);
insert into product (id, product_name, supplier_id, unit_price, package, is_discontinued) values (57, 'Lychee - Canned', 71, 1027.28, 'Dollarjoint Pricklypear', false);
insert into product (id, product_name, supplier_id, unit_price, package, is_discontinued) values (58, 'Mangoes', 39, 543.16, 'Leafy Pondweed', false);
insert into product (id, product_name, supplier_id, unit_price, package, is_discontinued) values (59, 'Yogurt - Cherry, 175 Gr', 77, 1433.91, 'Kingdevil', false);
insert into product (id, product_name, supplier_id, unit_price, package, is_discontinued) values (60, 'Wine - Red, Gamay Noir', 31, 1217.0, 'Pinto Beardtongue', true);
insert into product (id, product_name, supplier_id, unit_price, package, is_discontinued) values (61, 'Ice Cream - Strawberry', 89, 938.69, 'Chilean Plantain', true);
insert into product (id, product_name, supplier_id, unit_price, package, is_discontinued) values (62, 'Gingerale - Diet - Schweppes', 78, 992.33, null, true);
insert into product (id, product_name, supplier_id, unit_price, package, is_discontinued) values (63, 'Sauce - Soy Low Sodium - 3.87l', 73, 1725.09, 'Canoparmelia Lichen', false);
insert into product (id, product_name, supplier_id, unit_price, package, is_discontinued) values (64, 'Shrimp - Black Tiger 6 - 8', 24, 874.74, 'Quill Sedge', false);
insert into product (id, product_name, supplier_id, unit_price, package, is_discontinued) values (65, 'Wine - George Duboeuf Rose', 3, 690.73, null, false);
insert into product (id, product_name, supplier_id, unit_price, package, is_discontinued) values (66, 'Juice - Prune', 46, 845.63, 'California Bearpoppy', false);
insert into product (id, product_name, supplier_id, unit_price, package, is_discontinued) values (67, 'Pea - Snow', 59, 896.82, 'Big Map Lichen', true);
insert into product (id, product_name, supplier_id, unit_price, package, is_discontinued) values (68, 'Bagels Poppyseed', 81, 654.32, 'Panamint Beardtongue', false);
insert into product (id, product_name, supplier_id, unit_price, package, is_discontinued) values (69, 'Lettuce - Iceberg', 29, 1234.51, 'Mucronleaf Tortula Moss', true);
insert into product (id, product_name, supplier_id, unit_price, package, is_discontinued) values (70, 'Potatoes - Pei 10 Oz', 73, 778.81, 'Desert Twinbugs', false);
insert into product (id, product_name, supplier_id, unit_price, package, is_discontinued) values (71, 'Mix - Cocktail Ice Cream', 22, 1255.67, 'Hillsborough Blackberry', false);
insert into product (id, product_name, supplier_id, unit_price, package, is_discontinued) values (72, 'Syrup - Monin, Irish Cream', 36, 1204.61, 'Microlychnus Lichen', true);
insert into product (id, product_name, supplier_id, unit_price, package, is_discontinued) values (73, 'Wine - Sicilia Igt Nero Avola', 85, 741.01, 'Diablo Hareleaf', false);
insert into product (id, product_name, supplier_id, unit_price, package, is_discontinued) values (74, 'Lamb - Ground', 16, 649.6, 'Oxytheca', false);
insert into product (id, product_name, supplier_id, unit_price, package, is_discontinued) values (75, 'Soup - French Onion', 83, 1292.5, 'Spotted Geranium', true);
insert into product (id, product_name, supplier_id, unit_price, package, is_discontinued) values (76, 'Wine - Penfolds Koonuga Hill', 91, 1253.89, 'Sweet Breath Of Spring', false);
insert into product (id, product_name, supplier_id, unit_price, package, is_discontinued) values (77, 'Sauce - Fish 25 Ozf Bottle', 59, 603.48, 'Coast Checkerbloom', false);
insert into product (id, product_name, supplier_id, unit_price, package, is_discontinued) values (78, 'Snapple - Iced Tea Peach', 23, 981.18, 'Defect Barnacle Lichen', false);
insert into product (id, product_name, supplier_id, unit_price, package, is_discontinued) values (79, 'Icecream Bar - Del Monte', 27, 869.45, 'Plains Cottonwood', false);
insert into product (id, product_name, supplier_id, unit_price, package, is_discontinued) values (80, 'Crab - Meat', 97, 1254.6, 'Whisk Fern', false);
insert into product (id, product_name, supplier_id, unit_price, package, is_discontinued) values (81, 'Soup - Clam Chowder, Dry Mix', 58, 567.89, 'Phaeospora', true);
insert into product (id, product_name, supplier_id, unit_price, package, is_discontinued) values (82, 'Beef - Montreal Smoked Brisket', 62, 1019.26, 'Pottia Moss', false);
insert into product (id, product_name, supplier_id, unit_price, package, is_discontinued) values (83, 'Compound - Passion Fruit', 6, 1463.96, 'Sweetclover', false);
insert into product (id, product_name, supplier_id, unit_price, package, is_discontinued) values (84, 'Ice Cream Bar - Oreo Sandwich', 87, 899.46, 'Deadnettle', true);
insert into product (id, product_name, supplier_id, unit_price, package, is_discontinued) values (85, 'Taro Leaves', 58, 1510.24, 'Halberd Fern', true);
insert into product (id, product_name, supplier_id, unit_price, package, is_discontinued) values (86, 'Container - Clear 16 Oz', 61, 770.87, 'Spectaclepod', false);
insert into product (id, product_name, supplier_id, unit_price, package, is_discontinued) values (87, 'Crackers - Water', 58, 560.33, 'Leafless Vanilla', false);
insert into product (id, product_name, supplier_id, unit_price, package, is_discontinued) values (88, 'Beef - Inside Round', 64, 1034.42, 'Royen''s Tree Cactus', true);
insert into product (id, product_name, supplier_id, unit_price, package, is_discontinued) values (89, 'Pasta - Lasagne, Fresh', 90, 930.92, 'Glacial Sedge', true);
insert into product (id, product_name, supplier_id, unit_price, package, is_discontinued) values (90, 'Cod - Black Whole Fillet', 4, 1661.31, 'Sharpglume Brome', false);
insert into product (id, product_name, supplier_id, unit_price, package, is_discontinued) values (91, 'Juice - Apple, 500 Ml', 82, 1126.31, 'Alabama Leather Flower', true);
insert into product (id, product_name, supplier_id, unit_price, package, is_discontinued) values (92, 'Cocoa Powder - Dutched', 23, 1330.41, 'Jack In The Pulpit', false);
insert into product (id, product_name, supplier_id, unit_price, package, is_discontinued) values (93, 'Pastry - Banana Tea Loaf', 45, 1310.29, 'Smallcane', true);
insert into product (id, product_name, supplier_id, unit_price, package, is_discontinued) values (94, 'Potatoes - Parissienne', 30, 844.38, 'Dawson''s Angelica', true);
insert into product (id, product_name, supplier_id, unit_price, package, is_discontinued) values (95, 'Lamb - Loin, Trimmed, Boneless', 18, 1074.9, 'Hybrid Oak', false);
insert into product (id, product_name, supplier_id, unit_price, package, is_discontinued) values (96, 'Coke - Diet, 355 Ml', 16, 1353.48, 'Blood Currant', false);
insert into product (id, product_name, supplier_id, unit_price, package, is_discontinued) values (97, 'Tomato Paste', 22, 688.89, 'Spreading Rush', false);
insert into product (id, product_name, supplier_id, unit_price, package, is_discontinued) values (98, 'Flour - Fast / Rapid', 32, 1187.5, 'Warty Caltrop', true);
insert into product (id, product_name, supplier_id, unit_price, package, is_discontinued) values (99, 'Leeks - Large', 6, 904.08, 'Balsamo', true);
insert into product (id, product_name, supplier_id, unit_price, package, is_discontinued) values (100, 'Longos - Lasagna Veg', 87, 689.19, 'Pacific Trillium', true);

insert into customer_order (id, order_date, order_number, customer_id, total_amount) values (1, '2019-07-23', '372268881', 56, 29389.43);
insert into customer_order (id, order_date, order_number, customer_id, total_amount) values (2, '2020-06-06', '719809864', 96, 61084.20);
insert into customer_order (id, order_date, order_number, customer_id, total_amount) values (3, '2020-07-03', '238373610', 60, 61839.00);
insert into customer_order (id, order_date, order_number, customer_id, total_amount) values (4, '2019-09-06', '220244563', 66, 79695.72);
insert into customer_order (id, order_date, order_number, customer_id, total_amount) values (5, '2019-10-01', '325947149', 1, 70386.27);
insert into customer_order (id, order_date, order_number, customer_id, total_amount) values (6, '2020-02-27', '504990686', 53, 55311.83);
insert into customer_order (id, order_date, order_number, customer_id, total_amount) values (7, '2019-10-29', '239674480', 75, 47939.12);
insert into customer_order (id, order_date, order_number, customer_id, total_amount) values (8, '2020-05-27', '670126466', 91, 58855.57);
insert into customer_order (id, order_date, order_number, customer_id, total_amount) values (9, '2019-12-19', '712788583', 15, 62088.69);
insert into customer_order (id, order_date, order_number, customer_id, total_amount) values (10, '2020-06-20', '321883994', 13, 78596.72);
insert into customer_order (id, order_date, order_number, customer_id, total_amount) values (11, '2020-02-16', '911335676', 42, 38397.18);
insert into customer_order (id, order_date, order_number, customer_id, total_amount) values (12, '2020-04-13', '210586343', 65, 46080.03);
insert into customer_order (id, order_date, order_number, customer_id, total_amount) values (13, '2019-08-18', '687756633', 33, 42454.82);
insert into customer_order (id, order_date, order_number, customer_id, total_amount) values (14, '2019-12-06', '942501412', 51, 39726.29);
insert into customer_order (id, order_date, order_number, customer_id, total_amount) values (15, '2020-01-17', '862765654', 68, 41727.26);
insert into customer_order (id, order_date, order_number, customer_id, total_amount) values (16, '2020-04-22', '188898487', 67, 55465.79);
insert into customer_order (id, order_date, order_number, customer_id, total_amount) values (17, '2019-09-02', '237866900', 45, 60374.96);
insert into customer_order (id, order_date, order_number, customer_id, total_amount) values (18, '2020-03-21', '175371692', 70, 65539.15);
insert into customer_order (id, order_date, order_number, customer_id, total_amount) values (19, '2019-12-17', '824388525', 19, 29668.88);
insert into customer_order (id, order_date, order_number, customer_id, total_amount) values (20, '2019-10-07', '010382748', 60, 42137.30);
insert into customer_order (id, order_date, order_number, customer_id, total_amount) values (21, '2020-01-31', '411404031', 90, 60401.14);
insert into customer_order (id, order_date, order_number, customer_id, total_amount) values (22, '2020-04-18', '249270998', 88, 42936.25);
insert into customer_order (id, order_date, order_number, customer_id, total_amount) values (23, '2020-02-28', '656712030', 54, 63240.82);
insert into customer_order (id, order_date, order_number, customer_id, total_amount) values (24, '2019-07-26', '948354079', 47, 35706.61);
insert into customer_order (id, order_date, order_number, customer_id, total_amount) values (25, '2019-09-19', '225681622', 81, 21276.61);
insert into customer_order (id, order_date, order_number, customer_id, total_amount) values (26, '2019-10-09', '109037128', 76, 76508.15);
insert into customer_order (id, order_date, order_number, customer_id, total_amount) values (27, '2019-08-23', '877684182', 39, 45316.28);
insert into customer_order (id, order_date, order_number, customer_id, total_amount) values (28, '2019-11-13', '293278888', 13, 48079.92);
insert into customer_order (id, order_date, order_number, customer_id, total_amount) values (29, '2019-08-31', '506449336', 38, 38744.97);
insert into customer_order (id, order_date, order_number, customer_id, total_amount) values (30, '2019-08-24', '784491561', 48, 57557.34);
insert into customer_order (id, order_date, order_number, customer_id, total_amount) values (31, '2019-11-27', '695911577', 95, 47545.58);
insert into customer_order (id, order_date, order_number, customer_id, total_amount) values (32, '2020-05-24', '766359962', 28, 29020.96);
insert into customer_order (id, order_date, order_number, customer_id, total_amount) values (33, '2020-04-20', '998729566', 64, 103209.78);
insert into customer_order (id, order_date, order_number, customer_id, total_amount) values (34, '2019-10-17', '586712856', 84, 33060.98);
insert into customer_order (id, order_date, order_number, customer_id, total_amount) values (35, '2020-06-18', '031454435', 78, 15077.54);
insert into customer_order (id, order_date, order_number, customer_id, total_amount) values (36, '2020-06-14', '199202898', 47, 48567.64);
insert into customer_order (id, order_date, order_number, customer_id, total_amount) values (37, '2019-10-06', '396893579', 6, 41742.24);
insert into customer_order (id, order_date, order_number, customer_id, total_amount) values (38, '2019-10-14', '369510653', 50, 43662.77);
insert into customer_order (id, order_date, order_number, customer_id, total_amount) values (39, '2020-06-20', '381380852', 45, 63690.83);
insert into customer_order (id, order_date, order_number, customer_id, total_amount) values (40, '2019-09-23', '222519344', 39, 39447.15);
insert into customer_order (id, order_date, order_number, customer_id, total_amount) values (41, '2020-04-07', '487792578', 16, 46388.79);
insert into customer_order (id, order_date, order_number, customer_id, total_amount) values (42, '2020-01-31', '106847354', 11, 50701.81);
insert into customer_order (id, order_date, order_number, customer_id, total_amount) values (43, '2020-05-14', '554644954', 96, 72347.20);
insert into customer_order (id, order_date, order_number, customer_id, total_amount) values (44, '2020-03-09', '465958810', 38, 42355.41);
insert into customer_order (id, order_date, order_number, customer_id, total_amount) values (45, '2019-12-10', '001175881', 1, 28075.31);
insert into customer_order (id, order_date, order_number, customer_id, total_amount) values (46, '2019-12-19', '314253765', 89, 61695.32);
insert into customer_order (id, order_date, order_number, customer_id, total_amount) values (47, '2020-02-17', '329853003', 89, 48694.40);
insert into customer_order (id, order_date, order_number, customer_id, total_amount) values (48, '2020-02-23', '242160678', 87, 22251.74);
insert into customer_order (id, order_date, order_number, customer_id, total_amount) values (49, '2020-02-22', '036371655', 87, 69834.59);
insert into customer_order (id, order_date, order_number, customer_id, total_amount) values (50, '2020-06-08', '884745708', 97, 20211.12);
insert into customer_order (id, order_date, order_number, customer_id, total_amount) values (51, '2020-01-26', '049191423', 53, 46467.79);
insert into customer_order (id, order_date, order_number, customer_id, total_amount) values (52, '2020-01-31', '958497904', 4, 53176.53);
insert into customer_order (id, order_date, order_number, customer_id, total_amount) values (53, '2020-06-17', '716276723', 28, 27562.71);
insert into customer_order (id, order_date, order_number, customer_id, total_amount) values (54, '2020-05-12', '192854227', 35, 86337.56);
insert into customer_order (id, order_date, order_number, customer_id, total_amount) values (55, '2020-05-28', '919669519', 62, 62550.45);
insert into customer_order (id, order_date, order_number, customer_id, total_amount) values (56, '2019-12-11', '542888707', 79, 38769.00);
insert into customer_order (id, order_date, order_number, customer_id, total_amount) values (57, '2020-03-26', '691766623', 11, 39855.57);
insert into customer_order (id, order_date, order_number, customer_id, total_amount) values (58, '2020-05-07', '996847886', 84, 31915.11);
insert into customer_order (id, order_date, order_number, customer_id, total_amount) values (59, '2019-10-19', '720427312', 61, 66446.04);
insert into customer_order (id, order_date, order_number, customer_id, total_amount) values (60, '2020-01-06', '333434324', 86, 43353.27);
insert into customer_order (id, order_date, order_number, customer_id, total_amount) values (61, '2020-04-26', '951679859', 35, 30405.87);
insert into customer_order (id, order_date, order_number, customer_id, total_amount) values (62, '2020-04-22', '785360004', 7, 39790.24);
insert into customer_order (id, order_date, order_number, customer_id, total_amount) values (63, '2020-04-22', '282747941', 19, 28486.31);
insert into customer_order (id, order_date, order_number, customer_id, total_amount) values (64, '2019-11-29', '609735858', 25, 73757.45);
insert into customer_order (id, order_date, order_number, customer_id, total_amount) values (65, '2019-07-07', '672624388', 38, 47950.76);
insert into customer_order (id, order_date, order_number, customer_id, total_amount) values (66, '2019-10-25', '361172705', 30, 53123.62);
insert into customer_order (id, order_date, order_number, customer_id, total_amount) values (67, '2019-10-17', '380475228', 24, 43093.89);
insert into customer_order (id, order_date, order_number, customer_id, total_amount) values (68, '2020-02-06', '231149844', 71, 66667.68);
insert into customer_order (id, order_date, order_number, customer_id, total_amount) values (69, '2019-12-18', '831623111', 73, 73932.13);
insert into customer_order (id, order_date, order_number, customer_id, total_amount) values (70, '2020-03-05', '590042310', 2, 52482.09);
insert into customer_order (id, order_date, order_number, customer_id, total_amount) values (71, '2019-07-18', '284236012', 69, 42744.57);
insert into customer_order (id, order_date, order_number, customer_id, total_amount) values (72, '2019-08-12', '651261177', 78, 47254.32);
insert into customer_order (id, order_date, order_number, customer_id, total_amount) values (73, '2019-07-31', '334951277', 97, 43567.04);
insert into customer_order (id, order_date, order_number, customer_id, total_amount) values (74, '2019-10-09', '703903005', 43, 47123.64);
insert into customer_order (id, order_date, order_number, customer_id, total_amount) values (75, '2020-01-12', '185976420', 96, 65690.10);
insert into customer_order (id, order_date, order_number, customer_id, total_amount) values (76, '2020-06-21', '665923523', 1, 46764.74);
insert into customer_order (id, order_date, order_number, customer_id, total_amount) values (77, '2019-09-30', '254287747', 29, 30196.46);
insert into customer_order (id, order_date, order_number, customer_id, total_amount) values (78, '2020-05-09', '816001327', 86, 40176.82);
insert into customer_order (id, order_date, order_number, customer_id, total_amount) values (79, '2019-12-26', '534014904', 69, 42197.22);
insert into customer_order (id, order_date, order_number, customer_id, total_amount) values (80, '2020-05-11', '298072446', 87, 46134.03);
insert into customer_order (id, order_date, order_number, customer_id, total_amount) values (81, '2020-06-14', '080482588', 78, 28621.71);
insert into customer_order (id, order_date, order_number, customer_id, total_amount) values (82, '2020-02-17', '341037890', 92, 70132.62);
insert into customer_order (id, order_date, order_number, customer_id, total_amount) values (83, '2019-09-04', '455162537', 60, 30981.62);
insert into customer_order (id, order_date, order_number, customer_id, total_amount) values (84, '2020-01-16', '788973983', 64, 54774.99);
insert into customer_order (id, order_date, order_number, customer_id, total_amount) values (85, '2019-12-17', '190706989', 80, 48377.74);
insert into customer_order (id, order_date, order_number, customer_id, total_amount) values (86, '2019-07-09', '999696940', 94, 42987.34);
insert into customer_order (id, order_date, order_number, customer_id, total_amount) values (87, '2019-09-28', '217411737', 84, 94218.91);
insert into customer_order (id, order_date, order_number, customer_id, total_amount) values (88, '2020-01-13', '513814950', 73, 48799.13);
insert into customer_order (id, order_date, order_number, customer_id, total_amount) values (89, '2019-11-12', '205123436', 32, 44092.02);
insert into customer_order (id, order_date, order_number, customer_id, total_amount) values (90, '2020-04-03', '748149726', 29, 41308.56);
insert into customer_order (id, order_date, order_number, customer_id, total_amount) values (91, '2020-03-05', '359362979', 96, 57780.66);
insert into customer_order (id, order_date, order_number, customer_id, total_amount) values (92, '2019-11-11', '656812056', 52, 79718.25);
insert into customer_order (id, order_date, order_number, customer_id, total_amount) values (93, '2020-06-19', '170318246', 85, 34444.42);
insert into customer_order (id, order_date, order_number, customer_id, total_amount) values (94, '2019-12-08', '687648804', 9, 49719.93);
insert into customer_order (id, order_date, order_number, customer_id, total_amount) values (95, '2020-01-01', '754303763', 82, 45209.57);
insert into customer_order (id, order_date, order_number, customer_id, total_amount) values (96, '2020-06-17', '594321701', 21, 28296.34);
insert into customer_order (id, order_date, order_number, customer_id, total_amount) values (97, '2020-04-02', '083773141', 86, 34407.31);
insert into customer_order (id, order_date, order_number, customer_id, total_amount) values (98, '2020-01-11', '713003890', 42, 44569.74);
insert into customer_order (id, order_date, order_number, customer_id, total_amount) values (99, '2020-05-11', '388320995', 67, 93986.37);
insert into customer_order (id, order_date, order_number, customer_id, total_amount) values (100, '2020-03-07', '082510715', 87, 58847.75);

insert into order_item (id, order_id, product_id, unit_price, quantity) values (1, 1, 2, 1139.53, 3);
insert into order_item (id, order_id, product_id, unit_price, quantity) values (2, 1, 6, 1018.69, 6);
insert into order_item (id, order_id, product_id, unit_price, quantity) values (3, 1, 7, 665.26, 3);
insert into order_item (id, order_id, product_id, unit_price, quantity) values (4, 1, 13, 972.50, 1);
insert into order_item (id, order_id, product_id, unit_price, quantity) values (5, 1, 45, 1464.85, 3);
insert into order_item (id, order_id, product_id, unit_price, quantity) values (6, 1, 50, 738.66, 2);
insert into order_item (id, order_id, product_id, unit_price, quantity) values (7, 1, 76, 1253.89, 7);
insert into order_item (id, order_id, product_id, unit_price, quantity) values (8, 1, 87, 560.33, 4);
insert into order_item (id, order_id, product_id, unit_price, quantity) values (9, 2, 14, 615.26, 9);
insert into order_item (id, order_id, product_id, unit_price, quantity) values (10, 2, 15, 1026.90, 6);
insert into order_item (id, order_id, product_id, unit_price, quantity) values (11, 2, 29, 1175.08, 9);
insert into order_item (id, order_id, product_id, unit_price, quantity) values (12, 2, 32, 1420.81, 6);
insert into order_item (id, order_id, product_id, unit_price, quantity) values (13, 2, 34, 1026.01, 7);
insert into order_item (id, order_id, product_id, unit_price, quantity) values (14, 2, 54, 860.16, 5);
insert into order_item (id, order_id, product_id, unit_price, quantity) values (15, 2, 61, 938.69, 2);
insert into order_item (id, order_id, product_id, unit_price, quantity) values (16, 2, 63, 1725.09, 1);
insert into order_item (id, order_id, product_id, unit_price, quantity) values (17, 2, 70, 778.81, 6);
insert into order_item (id, order_id, product_id, unit_price, quantity) values (18, 2, 81, 567.89, 7);
insert into order_item (id, order_id, product_id, unit_price, quantity) values (19, 2, 93, 1310.29, 5);
insert into order_item (id, order_id, product_id, unit_price, quantity) values (20, 3, 3, 715.86, 6);
insert into order_item (id, order_id, product_id, unit_price, quantity) values (21, 3, 12, 1206.73, 5);
insert into order_item (id, order_id, product_id, unit_price, quantity) values (22, 3, 27, 1072.18, 5);
insert into order_item (id, order_id, product_id, unit_price, quantity) values (23, 3, 33, 934.67, 5);
insert into order_item (id, order_id, product_id, unit_price, quantity) values (24, 3, 34, 1026.01, 6);
insert into order_item (id, order_id, product_id, unit_price, quantity) values (25, 3, 51, 1305.03, 4);
insert into order_item (id, order_id, product_id, unit_price, quantity) values (26, 3, 58, 543.16, 4);
insert into order_item (id, order_id, product_id, unit_price, quantity) values (27, 3, 64, 874.74, 10);
insert into order_item (id, order_id, product_id, unit_price, quantity) values (28, 3, 81, 567.89, 7);
insert into order_item (id, order_id, product_id, unit_price, quantity) values (29, 3, 82, 1019.26, 7);
insert into order_item (id, order_id, product_id, unit_price, quantity) values (30, 3, 86, 770.87, 6);
insert into order_item (id, order_id, product_id, unit_price, quantity) values (31, 3, 97, 688.89, 5);
insert into order_item (id, order_id, product_id, unit_price, quantity) values (32, 4, 1, 1760.98, 4);
insert into order_item (id, order_id, product_id, unit_price, quantity) values (33, 4, 2, 1139.53, 5);
insert into order_item (id, order_id, product_id, unit_price, quantity) values (34, 4, 3, 715.86, 8);
insert into order_item (id, order_id, product_id, unit_price, quantity) values (35, 4, 10, 1408.16, 8);
insert into order_item (id, order_id, product_id, unit_price, quantity) values (36, 4, 14, 615.26, 8);
insert into order_item (id, order_id, product_id, unit_price, quantity) values (37, 4, 18, 985.92, 3);
insert into order_item (id, order_id, product_id, unit_price, quantity) values (38, 4, 29, 1175.08, 5);
insert into order_item (id, order_id, product_id, unit_price, quantity) values (39, 4, 38, 649.78, 3);
insert into order_item (id, order_id, product_id, unit_price, quantity) values (40, 4, 48, 633.00, 9);
insert into order_item (id, order_id, product_id, unit_price, quantity) values (41, 4, 50, 738.66, 7);
insert into order_item (id, order_id, product_id, unit_price, quantity) values (42, 4, 72, 1204.61, 5);
insert into order_item (id, order_id, product_id, unit_price, quantity) values (43, 4, 76, 1253.89, 10);
insert into order_item (id, order_id, product_id, unit_price, quantity) values (44, 4, 77, 603.48, 8);
insert into order_item (id, order_id, product_id, unit_price, quantity) values (45, 5, 5, 626.81, 8);
insert into order_item (id, order_id, product_id, unit_price, quantity) values (46, 5, 16, 1200.12, 5);
insert into order_item (id, order_id, product_id, unit_price, quantity) values (47, 5, 19, 877.74, 1);
insert into order_item (id, order_id, product_id, unit_price, quantity) values (48, 5, 25, 822.97, 4);
insert into order_item (id, order_id, product_id, unit_price, quantity) values (49, 5, 27, 1072.18, 1);
insert into order_item (id, order_id, product_id, unit_price, quantity) values (50, 5, 36, 922.79, 3);
insert into order_item (id, order_id, product_id, unit_price, quantity) values (51, 5, 40, 1405.80, 5);
insert into order_item (id, order_id, product_id, unit_price, quantity) values (52, 5, 42, 1103.03, 6);
insert into order_item (id, order_id, product_id, unit_price, quantity) values (53, 5, 43, 951.44, 8);
insert into order_item (id, order_id, product_id, unit_price, quantity) values (54, 5, 45, 1464.85, 5);
insert into order_item (id, order_id, product_id, unit_price, quantity) values (55, 5, 54, 860.16, 10);
insert into order_item (id, order_id, product_id, unit_price, quantity) values (56, 5, 56, 476.58, 7);
insert into order_item (id, order_id, product_id, unit_price, quantity) values (57, 5, 60, 1217.00, 2);
insert into order_item (id, order_id, product_id, unit_price, quantity) values (58, 5, 67, 896.82, 5);
insert into order_item (id, order_id, product_id, unit_price, quantity) values (59, 5, 87, 560.33, 7);
insert into order_item (id, order_id, product_id, unit_price, quantity) values (60, 6, 1, 1760.98, 3);
insert into order_item (id, order_id, product_id, unit_price, quantity) values (61, 6, 6, 1018.69, 1);
insert into order_item (id, order_id, product_id, unit_price, quantity) values (62, 6, 7, 665.26, 3);
insert into order_item (id, order_id, product_id, unit_price, quantity) values (63, 6, 16, 1200.12, 9);
insert into order_item (id, order_id, product_id, unit_price, quantity) values (64, 6, 34, 1026.01, 4);
insert into order_item (id, order_id, product_id, unit_price, quantity) values (65, 6, 41, 1207.74, 9);
insert into order_item (id, order_id, product_id, unit_price, quantity) values (66, 6, 54, 860.16, 3);
insert into order_item (id, order_id, product_id, unit_price, quantity) values (67, 6, 58, 543.16, 5);
insert into order_item (id, order_id, product_id, unit_price, quantity) values (68, 6, 65, 690.73, 2);
insert into order_item (id, order_id, product_id, unit_price, quantity) values (69, 6, 75, 1292.50, 8);
insert into order_item (id, order_id, product_id, unit_price, quantity) values (70, 6, 94, 844.38, 5);
insert into order_item (id, order_id, product_id, unit_price, quantity) values (71, 7, 3, 715.86, 8);
insert into order_item (id, order_id, product_id, unit_price, quantity) values (72, 7, 6, 1018.69, 5);
insert into order_item (id, order_id, product_id, unit_price, quantity) values (73, 7, 29, 1175.08, 5);
insert into order_item (id, order_id, product_id, unit_price, quantity) values (74, 7, 37, 953.47, 3);
insert into order_item (id, order_id, product_id, unit_price, quantity) values (75, 7, 45, 1464.85, 6);
insert into order_item (id, order_id, product_id, unit_price, quantity) values (76, 7, 57, 1027.28, 7);
insert into order_item (id, order_id, product_id, unit_price, quantity) values (77, 7, 74, 649.60, 8);
insert into order_item (id, order_id, product_id, unit_price, quantity) values (78, 7, 76, 1253.89, 3);
insert into order_item (id, order_id, product_id, unit_price, quantity) values (79, 7, 96, 1353.48, 0);
insert into order_item (id, order_id, product_id, unit_price, quantity) values (80, 7, 97, 688.89, 5);
insert into order_item (id, order_id, product_id, unit_price, quantity) values (81, 8, 9, 656.63, 1);
insert into order_item (id, order_id, product_id, unit_price, quantity) values (82, 8, 10, 1408.16, 3);
insert into order_item (id, order_id, product_id, unit_price, quantity) values (83, 8, 17, 558.84, 8);
insert into order_item (id, order_id, product_id, unit_price, quantity) values (84, 8, 21, 784.27, 7);
insert into order_item (id, order_id, product_id, unit_price, quantity) values (85, 8, 25, 822.97, 1);
insert into order_item (id, order_id, product_id, unit_price, quantity) values (86, 8, 27, 1072.18, 3);
insert into order_item (id, order_id, product_id, unit_price, quantity) values (87, 8, 34, 1026.01, 4);
insert into order_item (id, order_id, product_id, unit_price, quantity) values (88, 8, 37, 953.47, 5);
insert into order_item (id, order_id, product_id, unit_price, quantity) values (89, 8, 38, 649.78, 6);
insert into order_item (id, order_id, product_id, unit_price, quantity) values (90, 8, 45, 1464.85, 9);
insert into order_item (id, order_id, product_id, unit_price, quantity) values (91, 8, 70, 778.81, 5);
insert into order_item (id, order_id, product_id, unit_price, quantity) values (92, 8, 76, 1253.89, 4);
insert into order_item (id, order_id, product_id, unit_price, quantity) values (93, 8, 79, 869.45, 0);
insert into order_item (id, order_id, product_id, unit_price, quantity) values (94, 8, 81, 567.89, 9);
insert into order_item (id, order_id, product_id, unit_price, quantity) values (95, 9, 12, 1206.73, 4);
insert into order_item (id, order_id, product_id, unit_price, quantity) values (96, 9, 14, 615.26, 4);
insert into order_item (id, order_id, product_id, unit_price, quantity) values (97, 9, 15, 1026.90, 4);
insert into order_item (id, order_id, product_id, unit_price, quantity) values (98, 9, 24, 1268.86, 3);
insert into order_item (id, order_id, product_id, unit_price, quantity) values (99, 9, 35, 950.37, 6);
insert into order_item (id, order_id, product_id, unit_price, quantity) values (100, 9, 36, 922.79, 7);
insert into order_item (id, order_id, product_id, unit_price, quantity) values (101, 9, 48, 633.00, 5);
insert into order_item (id, order_id, product_id, unit_price, quantity) values (102, 9, 81, 567.89, 2);
insert into order_item (id, order_id, product_id, unit_price, quantity) values (103, 9, 85, 1510.24, 6);
insert into order_item (id, order_id, product_id, unit_price, quantity) values (104, 9, 95, 1074.90, 6);
insert into order_item (id, order_id, product_id, unit_price, quantity) values (105, 9, 96, 1353.48, 10);
insert into order_item (id, order_id, product_id, unit_price, quantity) values (106, 9, 100, 689.19, 2);
insert into order_item (id, order_id, product_id, unit_price, quantity) values (107, 10, 7, 665.26, 10);
insert into order_item (id, order_id, product_id, unit_price, quantity) values (108, 10, 23, 852.04, 3);
insert into order_item (id, order_id, product_id, unit_price, quantity) values (109, 10, 29, 1175.08, 8);
insert into order_item (id, order_id, product_id, unit_price, quantity) values (110, 10, 34, 1026.01, 5);
insert into order_item (id, order_id, product_id, unit_price, quantity) values (111, 10, 37, 953.47, 1);
insert into order_item (id, order_id, product_id, unit_price, quantity) values (112, 10, 39, 939.09, 6);
insert into order_item (id, order_id, product_id, unit_price, quantity) values (113, 10, 52, 1154.65, 5);
insert into order_item (id, order_id, product_id, unit_price, quantity) values (114, 10, 55, 840.58, 3);
insert into order_item (id, order_id, product_id, unit_price, quantity) values (115, 10, 66, 845.63, 7);
insert into order_item (id, order_id, product_id, unit_price, quantity) values (116, 10, 69, 1234.51, 5);
insert into order_item (id, order_id, product_id, unit_price, quantity) values (117, 10, 74, 649.60, 6);
insert into order_item (id, order_id, product_id, unit_price, quantity) values (118, 10, 78, 981.18, 7);
insert into order_item (id, order_id, product_id, unit_price, quantity) values (119, 10, 79, 869.45, 1);
insert into order_item (id, order_id, product_id, unit_price, quantity) values (120, 10, 96, 1353.48, 10);
insert into order_item (id, order_id, product_id, unit_price, quantity) values (121, 10, 99, 904.08, 3);
insert into order_item (id, order_id, product_id, unit_price, quantity) values (122, 11, 21, 784.27, 6);
insert into order_item (id, order_id, product_id, unit_price, quantity) values (123, 11, 22, 1120.76, 13);
insert into order_item (id, order_id, product_id, unit_price, quantity) values (124, 11, 26, 763.68, 6);
insert into order_item (id, order_id, product_id, unit_price, quantity) values (125, 11, 28, 1264.04, 5);
insert into order_item (id, order_id, product_id, unit_price, quantity) values (126, 11, 38, 649.78, 1);
insert into order_item (id, order_id, product_id, unit_price, quantity) values (127, 11, 70, 778.81, 9);
insert into order_item (id, order_id, product_id, unit_price, quantity) values (128, 11, 87, 560.33, 1);
insert into order_item (id, order_id, product_id, unit_price, quantity) values (129, 12, 9, 656.63, 10);
insert into order_item (id, order_id, product_id, unit_price, quantity) values (130, 12, 25, 822.97, 1);
insert into order_item (id, order_id, product_id, unit_price, quantity) values (131, 12, 41, 1207.74, 8);
insert into order_item (id, order_id, product_id, unit_price, quantity) values (132, 12, 48, 633.00, 7);
insert into order_item (id, order_id, product_id, unit_price, quantity) values (133, 12, 52, 1154.65, 2);
insert into order_item (id, order_id, product_id, unit_price, quantity) values (134, 12, 53, 744.19, 6);
insert into order_item (id, order_id, product_id, unit_price, quantity) values (135, 12, 64, 874.74, 7);
insert into order_item (id, order_id, product_id, unit_price, quantity) values (136, 12, 68, 654.32, 6);
insert into order_item (id, order_id, product_id, unit_price, quantity) values (137, 12, 82, 1019.26, 1);
insert into order_item (id, order_id, product_id, unit_price, quantity) values (138, 12, 94, 844.38, 8);
insert into order_item (id, order_id, product_id, unit_price, quantity) values (139, 13, 32, 1420.81, 8);
insert into order_item (id, order_id, product_id, unit_price, quantity) values (140, 13, 34, 1026.01, 2);
insert into order_item (id, order_id, product_id, unit_price, quantity) values (141, 13, 37, 953.47, 3);
insert into order_item (id, order_id, product_id, unit_price, quantity) values (142, 13, 42, 1103.03, 3);
insert into order_item (id, order_id, product_id, unit_price, quantity) values (143, 13, 43, 951.44, 9);
insert into order_item (id, order_id, product_id, unit_price, quantity) values (144, 13, 51, 1305.03, 4);
insert into order_item (id, order_id, product_id, unit_price, quantity) values (145, 13, 52, 1154.65, 4);
insert into order_item (id, order_id, product_id, unit_price, quantity) values (146, 13, 53, 744.19, 6);
insert into order_item (id, order_id, product_id, unit_price, quantity) values (147, 14, 8, 1111.84, 9);
insert into order_item (id, order_id, product_id, unit_price, quantity) values (148, 14, 32, 1420.81, 2);
insert into order_item (id, order_id, product_id, unit_price, quantity) values (149, 14, 40, 1405.80, 10);
insert into order_item (id, order_id, product_id, unit_price, quantity) values (150, 14, 65, 690.73, 2);
insert into order_item (id, order_id, product_id, unit_price, quantity) values (151, 14, 81, 567.89, 5);
insert into order_item (id, order_id, product_id, unit_price, quantity) values (152, 14, 95, 1074.90, 8);
insert into order_item (id, order_id, product_id, unit_price, quantity) values (153, 15, 6, 1018.69, 8);
insert into order_item (id, order_id, product_id, unit_price, quantity) values (154, 15, 8, 1111.84, 5);
insert into order_item (id, order_id, product_id, unit_price, quantity) values (155, 15, 16, 1200.12, 5);
insert into order_item (id, order_id, product_id, unit_price, quantity) values (156, 15, 31, 1594.41, 3);
insert into order_item (id, order_id, product_id, unit_price, quantity) values (157, 15, 44, 1023.85, 2);
insert into order_item (id, order_id, product_id, unit_price, quantity) values (158, 15, 50, 738.66, 6);
insert into order_item (id, order_id, product_id, unit_price, quantity) values (159, 15, 67, 896.82, 3);
insert into order_item (id, order_id, product_id, unit_price, quantity) values (160, 15, 74, 649.60, 6);
insert into order_item (id, order_id, product_id, unit_price, quantity) values (161, 15, 79, 869.45, 4);
insert into order_item (id, order_id, product_id, unit_price, quantity) values (162, 15, 100, 689.19, 1);
insert into order_item (id, order_id, product_id, unit_price, quantity) values (163, 16, 7, 665.26, 8);
insert into order_item (id, order_id, product_id, unit_price, quantity) values (164, 16, 11, 905.56, 6);
insert into order_item (id, order_id, product_id, unit_price, quantity) values (165, 16, 29, 1175.08, 6);
insert into order_item (id, order_id, product_id, unit_price, quantity) values (166, 16, 34, 1026.01, 6);
insert into order_item (id, order_id, product_id, unit_price, quantity) values (167, 16, 50, 738.66, 8);
insert into order_item (id, order_id, product_id, unit_price, quantity) values (168, 16, 53, 744.19, 5);
insert into order_item (id, order_id, product_id, unit_price, quantity) values (169, 16, 71, 1255.67, 2);
insert into order_item (id, order_id, product_id, unit_price, quantity) values (170, 16, 81, 567.89, 8);
insert into order_item (id, order_id, product_id, unit_price, quantity) values (171, 16, 83, 1463.96, 4);
insert into order_item (id, order_id, product_id, unit_price, quantity) values (172, 16, 88, 1034.42, 6);
insert into order_item (id, order_id, product_id, unit_price, quantity) values (173, 16, 100, 689.19, 4);
insert into order_item (id, order_id, product_id, unit_price, quantity) values (174, 17, 17, 558.84, 4);
insert into order_item (id, order_id, product_id, unit_price, quantity) values (175, 17, 36, 922.79, 4);
insert into order_item (id, order_id, product_id, unit_price, quantity) values (176, 17, 38, 649.78, 2);
insert into order_item (id, order_id, product_id, unit_price, quantity) values (177, 17, 46, 1336.88, 7);
insert into order_item (id, order_id, product_id, unit_price, quantity) values (178, 17, 54, 860.16, 6);
insert into order_item (id, order_id, product_id, unit_price, quantity) values (179, 17, 65, 690.73, 8);
insert into order_item (id, order_id, product_id, unit_price, quantity) values (180, 17, 72, 1204.61, 6);
insert into order_item (id, order_id, product_id, unit_price, quantity) values (181, 17, 75, 1292.50, 2);
insert into order_item (id, order_id, product_id, unit_price, quantity) values (182, 17, 76, 1253.89, 4);
insert into order_item (id, order_id, product_id, unit_price, quantity) values (183, 17, 88, 1034.42, 3);
insert into order_item (id, order_id, product_id, unit_price, quantity) values (184, 17, 89, 930.92, 9);
insert into order_item (id, order_id, product_id, unit_price, quantity) values (185, 17, 92, 1330.41, 2);
insert into order_item (id, order_id, product_id, unit_price, quantity) values (186, 17, 97, 688.89, 6);
insert into order_item (id, order_id, product_id, unit_price, quantity) values (187, 18, 10, 1408.16, 6);
insert into order_item (id, order_id, product_id, unit_price, quantity) values (188, 18, 18, 985.92, 6);
insert into order_item (id, order_id, product_id, unit_price, quantity) values (189, 18, 21, 784.27, 10);
insert into order_item (id, order_id, product_id, unit_price, quantity) values (190, 18, 22, 1120.76, 9);
insert into order_item (id, order_id, product_id, unit_price, quantity) values (191, 18, 23, 852.04, 7);
insert into order_item (id, order_id, product_id, unit_price, quantity) values (192, 18, 27, 1072.18, 5);
insert into order_item (id, order_id, product_id, unit_price, quantity) values (193, 18, 54, 860.16, 7);
insert into order_item (id, order_id, product_id, unit_price, quantity) values (194, 18, 56, 476.58, 0);
insert into order_item (id, order_id, product_id, unit_price, quantity) values (195, 18, 79, 869.45, 3);
insert into order_item (id, order_id, product_id, unit_price, quantity) values (196, 18, 90, 1661.31, 8);
insert into order_item (id, order_id, product_id, unit_price, quantity) values (197, 19, 10, 1408.16, 5);
insert into order_item (id, order_id, product_id, unit_price, quantity) values (198, 19, 24, 1268.86, 7);
insert into order_item (id, order_id, product_id, unit_price, quantity) values (199, 19, 34, 1026.01, 6);
insert into order_item (id, order_id, product_id, unit_price, quantity) values (200, 19, 49, 948.75, 8);
insert into order_item (id, order_id, product_id, unit_price, quantity) values (201, 19, 89, 930.92, 0);
insert into order_item (id, order_id, product_id, unit_price, quantity) values (202, 20, 2, 1139.53, 4);
insert into order_item (id, order_id, product_id, unit_price, quantity) values (203, 20, 6, 1018.69, 4);
insert into order_item (id, order_id, product_id, unit_price, quantity) values (204, 20, 9, 656.63, 2);
insert into order_item (id, order_id, product_id, unit_price, quantity) values (205, 20, 14, 615.26, 6);
insert into order_item (id, order_id, product_id, unit_price, quantity) values (206, 20, 20, 1025.62, 5);
insert into order_item (id, order_id, product_id, unit_price, quantity) values (207, 20, 25, 822.97, 7);
insert into order_item (id, order_id, product_id, unit_price, quantity) values (208, 20, 36, 922.79, 2);
insert into order_item (id, order_id, product_id, unit_price, quantity) values (209, 20, 50, 738.66, 9);
insert into order_item (id, order_id, product_id, unit_price, quantity) values (210, 20, 65, 690.73, 3);
insert into order_item (id, order_id, product_id, unit_price, quantity) values (211, 20, 68, 654.32, 8);
insert into order_item (id, order_id, product_id, unit_price, quantity) values (212, 20, 77, 603.48, 3);
insert into order_item (id, order_id, product_id, unit_price, quantity) values (213, 21, 13, 972.50, 3);
insert into order_item (id, order_id, product_id, unit_price, quantity) values (214, 21, 15, 1026.90, 7);
insert into order_item (id, order_id, product_id, unit_price, quantity) values (215, 21, 45, 1464.85, 5);
insert into order_item (id, order_id, product_id, unit_price, quantity) values (216, 21, 46, 1336.88, 5);
insert into order_item (id, order_id, product_id, unit_price, quantity) values (217, 21, 48, 633.00, 3);
insert into order_item (id, order_id, product_id, unit_price, quantity) values (218, 21, 52, 1154.65, 10);
insert into order_item (id, order_id, product_id, unit_price, quantity) values (219, 21, 60, 1217.00, 7);
insert into order_item (id, order_id, product_id, unit_price, quantity) values (220, 21, 77, 603.48, 7);
insert into order_item (id, order_id, product_id, unit_price, quantity) values (221, 21, 86, 770.87, 8);
insert into order_item (id, order_id, product_id, unit_price, quantity) values (222, 21, 93, 1310.29, 3);
insert into order_item (id, order_id, product_id, unit_price, quantity) values (223, 22, 11, 905.56, 4);
insert into order_item (id, order_id, product_id, unit_price, quantity) values (224, 22, 13, 972.50, 5);
insert into order_item (id, order_id, product_id, unit_price, quantity) values (225, 22, 16, 1200.12, 4);
insert into order_item (id, order_id, product_id, unit_price, quantity) values (226, 22, 29, 1175.08, 6);
insert into order_item (id, order_id, product_id, unit_price, quantity) values (227, 22, 39, 939.09, 4);
insert into order_item (id, order_id, product_id, unit_price, quantity) values (228, 22, 41, 1207.74, 5);
insert into order_item (id, order_id, product_id, unit_price, quantity) values (229, 22, 58, 543.16, 5);
insert into order_item (id, order_id, product_id, unit_price, quantity) values (230, 22, 90, 1661.31, 4);
insert into order_item (id, order_id, product_id, unit_price, quantity) values (231, 22, 97, 688.89, 5);
insert into order_item (id, order_id, product_id, unit_price, quantity) values (232, 23, 7, 665.26, 6);
insert into order_item (id, order_id, product_id, unit_price, quantity) values (233, 23, 10, 1408.16, 6);
insert into order_item (id, order_id, product_id, unit_price, quantity) values (234, 23, 12, 1206.73, 6);
insert into order_item (id, order_id, product_id, unit_price, quantity) values (235, 23, 23, 852.04, 0);
insert into order_item (id, order_id, product_id, unit_price, quantity) values (236, 23, 25, 822.97, 3);
insert into order_item (id, order_id, product_id, unit_price, quantity) values (237, 23, 35, 950.37, 2);
insert into order_item (id, order_id, product_id, unit_price, quantity) values (238, 23, 47, 884.38, 11);
insert into order_item (id, order_id, product_id, unit_price, quantity) values (239, 23, 51, 1305.03, 6);
insert into order_item (id, order_id, product_id, unit_price, quantity) values (240, 23, 66, 845.63, 3);
insert into order_item (id, order_id, product_id, unit_price, quantity) values (241, 23, 69, 1234.51, 4);
insert into order_item (id, order_id, product_id, unit_price, quantity) values (242, 23, 81, 567.89, 14);
insert into order_item (id, order_id, product_id, unit_price, quantity) values (243, 23, 88, 1034.42, 6);
insert into order_item (id, order_id, product_id, unit_price, quantity) values (244, 24, 9, 656.63, 1);
insert into order_item (id, order_id, product_id, unit_price, quantity) values (245, 24, 26, 763.68, 10);
insert into order_item (id, order_id, product_id, unit_price, quantity) values (246, 24, 27, 1072.18, 4);
insert into order_item (id, order_id, product_id, unit_price, quantity) values (247, 24, 52, 1154.65, 5);
insert into order_item (id, order_id, product_id, unit_price, quantity) values (248, 24, 64, 874.74, 7);
insert into order_item (id, order_id, product_id, unit_price, quantity) values (249, 24, 73, 741.01, 7);
insert into order_item (id, order_id, product_id, unit_price, quantity) values (250, 24, 85, 1510.24, 4);
insert into order_item (id, order_id, product_id, unit_price, quantity) values (251, 25, 22, 1120.76, 9);
insert into order_item (id, order_id, product_id, unit_price, quantity) values (252, 25, 51, 1305.03, 7);
insert into order_item (id, order_id, product_id, unit_price, quantity) values (253, 25, 57, 1027.28, 2);
insert into order_item (id, order_id, product_id, unit_price, quantity) values (254, 26, 11, 905.56, 6);
insert into order_item (id, order_id, product_id, unit_price, quantity) values (255, 26, 13, 972.50, 4);
insert into order_item (id, order_id, product_id, unit_price, quantity) values (256, 26, 15, 1026.90, 6);
insert into order_item (id, order_id, product_id, unit_price, quantity) values (257, 26, 31, 1594.41, 8);
insert into order_item (id, order_id, product_id, unit_price, quantity) values (258, 26, 38, 649.78, 10);
insert into order_item (id, order_id, product_id, unit_price, quantity) values (259, 26, 40, 1405.80, 6);
insert into order_item (id, order_id, product_id, unit_price, quantity) values (260, 26, 47, 884.38, 0);
insert into order_item (id, order_id, product_id, unit_price, quantity) values (261, 26, 50, 738.66, 8);
insert into order_item (id, order_id, product_id, unit_price, quantity) values (262, 26, 57, 1027.28, 2);
insert into order_item (id, order_id, product_id, unit_price, quantity) values (263, 26, 60, 1217.00, 1);
insert into order_item (id, order_id, product_id, unit_price, quantity) values (264, 26, 61, 938.69, 2);
insert into order_item (id, order_id, product_id, unit_price, quantity) values (265, 26, 68, 654.32, 6);
insert into order_item (id, order_id, product_id, unit_price, quantity) values (266, 26, 76, 1253.89, 5);
insert into order_item (id, order_id, product_id, unit_price, quantity) values (267, 26, 85, 1510.24, 8);
insert into order_item (id, order_id, product_id, unit_price, quantity) values (268, 27, 4, 1453.79, 6);
insert into order_item (id, order_id, product_id, unit_price, quantity) values (269, 27, 5, 626.81, 7);
insert into order_item (id, order_id, product_id, unit_price, quantity) values (270, 27, 14, 615.26, 3);
insert into order_item (id, order_id, product_id, unit_price, quantity) values (271, 27, 16, 1200.12, 6);
insert into order_item (id, order_id, product_id, unit_price, quantity) values (272, 27, 28, 1264.04, 0);
insert into order_item (id, order_id, product_id, unit_price, quantity) values (273, 27, 33, 934.67, 7);
insert into order_item (id, order_id, product_id, unit_price, quantity) values (274, 27, 34, 1026.01, 1);
insert into order_item (id, order_id, product_id, unit_price, quantity) values (275, 27, 35, 950.37, 3);
insert into order_item (id, order_id, product_id, unit_price, quantity) values (276, 27, 43, 951.44, 4);
insert into order_item (id, order_id, product_id, unit_price, quantity) values (277, 27, 75, 1292.50, 4);
insert into order_item (id, order_id, product_id, unit_price, quantity) values (278, 27, 80, 1254.60, 3);
insert into order_item (id, order_id, product_id, unit_price, quantity) values (279, 28, 8, 1111.84, 2);
insert into order_item (id, order_id, product_id, unit_price, quantity) values (280, 28, 19, 877.74, 4);
insert into order_item (id, order_id, product_id, unit_price, quantity) values (281, 28, 37, 953.47, 5);
insert into order_item (id, order_id, product_id, unit_price, quantity) values (282, 28, 42, 1103.03, 6);
insert into order_item (id, order_id, product_id, unit_price, quantity) values (283, 28, 66, 845.63, 8);
insert into order_item (id, order_id, product_id, unit_price, quantity) values (284, 28, 75, 1292.50, 4);
insert into order_item (id, order_id, product_id, unit_price, quantity) values (285, 28, 85, 1510.24, 10);
insert into order_item (id, order_id, product_id, unit_price, quantity) values (286, 28, 87, 560.33, 7);
insert into order_item (id, order_id, product_id, unit_price, quantity) values (287, 29, 30, 1271.06, 7);
insert into order_item (id, order_id, product_id, unit_price, quantity) values (288, 29, 31, 1594.41, 2);
insert into order_item (id, order_id, product_id, unit_price, quantity) values (289, 29, 57, 1027.28, 9);
insert into order_item (id, order_id, product_id, unit_price, quantity) values (290, 29, 63, 1725.09, 3);
insert into order_item (id, order_id, product_id, unit_price, quantity) values (291, 29, 73, 741.01, 10);
insert into order_item (id, order_id, product_id, unit_price, quantity) values (292, 29, 77, 603.48, 8);
insert into order_item (id, order_id, product_id, unit_price, quantity) values (293, 30, 15, 1026.90, 9);
insert into order_item (id, order_id, product_id, unit_price, quantity) values (294, 30, 37, 953.47, 2);
insert into order_item (id, order_id, product_id, unit_price, quantity) values (295, 30, 41, 1207.74, 6);
insert into order_item (id, order_id, product_id, unit_price, quantity) values (296, 30, 46, 1336.88, 6);
insert into order_item (id, order_id, product_id, unit_price, quantity) values (297, 30, 48, 633.00, 10);
insert into order_item (id, order_id, product_id, unit_price, quantity) values (298, 30, 54, 860.16, 10);
insert into order_item (id, order_id, product_id, unit_price, quantity) values (299, 30, 83, 1463.96, 8);
insert into order_item (id, order_id, product_id, unit_price, quantity) values (300, 30, 84, 899.46, 5);
insert into order_item (id, order_id, product_id, unit_price, quantity) values (301, 30, 99, 904.08, 0);
insert into order_item (id, order_id, product_id, unit_price, quantity) values (302, 31, 9, 656.63, 4);
insert into order_item (id, order_id, product_id, unit_price, quantity) values (303, 31, 13, 972.50, 7);
insert into order_item (id, order_id, product_id, unit_price, quantity) values (304, 31, 20, 1025.62, 8);
insert into order_item (id, order_id, product_id, unit_price, quantity) values (305, 31, 38, 649.78, 5);
insert into order_item (id, order_id, product_id, unit_price, quantity) values (306, 31, 51, 1305.03, 3);
insert into order_item (id, order_id, product_id, unit_price, quantity) values (307, 31, 58, 543.16, 2);
insert into order_item (id, order_id, product_id, unit_price, quantity) values (308, 31, 59, 1433.91, 7);
insert into order_item (id, order_id, product_id, unit_price, quantity) values (309, 31, 66, 845.63, 6);
insert into order_item (id, order_id, product_id, unit_price, quantity) values (310, 31, 87, 560.33, 2);
insert into order_item (id, order_id, product_id, unit_price, quantity) values (311, 31, 99, 904.08, 6);
insert into order_item (id, order_id, product_id, unit_price, quantity) values (312, 32, 2, 1139.53, 7);
insert into order_item (id, order_id, product_id, unit_price, quantity) values (313, 32, 5, 626.81, 6);
insert into order_item (id, order_id, product_id, unit_price, quantity) values (314, 32, 6, 1018.69, 6);
insert into order_item (id, order_id, product_id, unit_price, quantity) values (315, 32, 9, 656.63, 3);
insert into order_item (id, order_id, product_id, unit_price, quantity) values (316, 32, 23, 852.04, 3);
insert into order_item (id, order_id, product_id, unit_price, quantity) values (317, 32, 90, 1661.31, 4);
insert into order_item (id, order_id, product_id, unit_price, quantity) values (318, 33, 1, 1760.98, 7);
insert into order_item (id, order_id, product_id, unit_price, quantity) values (319, 33, 4, 1453.79, 9);
insert into order_item (id, order_id, product_id, unit_price, quantity) values (320, 33, 5, 626.81, 6);
insert into order_item (id, order_id, product_id, unit_price, quantity) values (321, 33, 6, 1018.69, 3);
insert into order_item (id, order_id, product_id, unit_price, quantity) values (322, 33, 44, 1023.85, 6);
insert into order_item (id, order_id, product_id, unit_price, quantity) values (323, 33, 45, 1464.85, 7);
insert into order_item (id, order_id, product_id, unit_price, quantity) values (324, 33, 49, 948.75, 4);
insert into order_item (id, order_id, product_id, unit_price, quantity) values (325, 33, 51, 1305.03, 4);
insert into order_item (id, order_id, product_id, unit_price, quantity) values (326, 33, 61, 938.69, 1);
insert into order_item (id, order_id, product_id, unit_price, quantity) values (327, 33, 62, 992.33, 6);
insert into order_item (id, order_id, product_id, unit_price, quantity) values (328, 33, 69, 1234.51, 4);
insert into order_item (id, order_id, product_id, unit_price, quantity) values (329, 33, 76, 1253.89, 7);
insert into order_item (id, order_id, product_id, unit_price, quantity) values (330, 33, 79, 869.45, 7);
insert into order_item (id, order_id, product_id, unit_price, quantity) values (331, 33, 93, 1310.29, 2);
insert into order_item (id, order_id, product_id, unit_price, quantity) values (332, 33, 94, 844.38, 8);
insert into order_item (id, order_id, product_id, unit_price, quantity) values (333, 33, 98, 1187.50, 8);
insert into order_item (id, order_id, product_id, unit_price, quantity) values (334, 34, 25, 822.97, 3);
insert into order_item (id, order_id, product_id, unit_price, quantity) values (335, 34, 32, 1420.81, 4);
insert into order_item (id, order_id, product_id, unit_price, quantity) values (336, 34, 33, 934.67, 2);
insert into order_item (id, order_id, product_id, unit_price, quantity) values (337, 34, 44, 1023.85, 4);
insert into order_item (id, order_id, product_id, unit_price, quantity) values (338, 34, 65, 690.73, 1);
insert into order_item (id, order_id, product_id, unit_price, quantity) values (339, 34, 75, 1292.50, 4);
insert into order_item (id, order_id, product_id, unit_price, quantity) values (340, 34, 83, 1463.96, 6);
insert into order_item (id, order_id, product_id, unit_price, quantity) values (341, 34, 95, 1074.90, 4);
insert into order_item (id, order_id, product_id, unit_price, quantity) values (342, 35, 25, 822.97, 5);
insert into order_item (id, order_id, product_id, unit_price, quantity) values (343, 35, 71, 1255.67, 3);
insert into order_item (id, order_id, product_id, unit_price, quantity) values (344, 35, 84, 899.46, 8);
insert into order_item (id, order_id, product_id, unit_price, quantity) values (345, 36, 17, 558.84, 5);
insert into order_item (id, order_id, product_id, unit_price, quantity) values (346, 36, 26, 763.68, 14);
insert into order_item (id, order_id, product_id, unit_price, quantity) values (347, 36, 28, 1264.04, 7);
insert into order_item (id, order_id, product_id, unit_price, quantity) values (348, 36, 46, 1336.88, 3);
insert into order_item (id, order_id, product_id, unit_price, quantity) values (349, 36, 48, 633.00, 4);
insert into order_item (id, order_id, product_id, unit_price, quantity) values (350, 36, 50, 738.66, 8);
insert into order_item (id, order_id, product_id, unit_price, quantity) values (351, 36, 72, 1204.61, 4);
insert into order_item (id, order_id, product_id, unit_price, quantity) values (352, 36, 88, 1034.42, 6);
insert into order_item (id, order_id, product_id, unit_price, quantity) values (353, 36, 100, 689.19, 4);
insert into order_item (id, order_id, product_id, unit_price, quantity) values (354, 37, 7, 665.26, 4);
insert into order_item (id, order_id, product_id, unit_price, quantity) values (355, 37, 12, 1206.73, 7);
insert into order_item (id, order_id, product_id, unit_price, quantity) values (356, 37, 17, 558.84, 2);
insert into order_item (id, order_id, product_id, unit_price, quantity) values (357, 37, 34, 1026.01, 2);
insert into order_item (id, order_id, product_id, unit_price, quantity) values (358, 37, 41, 1207.74, 5);
insert into order_item (id, order_id, product_id, unit_price, quantity) values (359, 37, 49, 948.75, 5);
insert into order_item (id, order_id, product_id, unit_price, quantity) values (360, 37, 56, 476.58, 9);
insert into order_item (id, order_id, product_id, unit_price, quantity) values (361, 37, 72, 1204.61, 4);
insert into order_item (id, order_id, product_id, unit_price, quantity) values (362, 37, 95, 1074.90, 2);
insert into order_item (id, order_id, product_id, unit_price, quantity) values (363, 37, 99, 904.08, 6);
insert into order_item (id, order_id, product_id, unit_price, quantity) values (364, 38, 9, 656.63, 8);
insert into order_item (id, order_id, product_id, unit_price, quantity) values (365, 38, 13, 972.50, 8);
insert into order_item (id, order_id, product_id, unit_price, quantity) values (366, 38, 14, 615.26, 6);
insert into order_item (id, order_id, product_id, unit_price, quantity) values (367, 38, 19, 877.74, 1);
insert into order_item (id, order_id, product_id, unit_price, quantity) values (368, 38, 36, 922.79, 5);
insert into order_item (id, order_id, product_id, unit_price, quantity) values (369, 38, 37, 953.47, 8);
insert into order_item (id, order_id, product_id, unit_price, quantity) values (370, 38, 56, 476.58, 4);
insert into order_item (id, order_id, product_id, unit_price, quantity) values (371, 38, 59, 1433.91, 3);
insert into order_item (id, order_id, product_id, unit_price, quantity) values (372, 38, 66, 845.63, 9);
insert into order_item (id, order_id, product_id, unit_price, quantity) values (373, 38, 83, 1463.96, 0);
insert into order_item (id, order_id, product_id, unit_price, quantity) values (374, 39, 9, 656.63, 2);
insert into order_item (id, order_id, product_id, unit_price, quantity) values (375, 39, 19, 877.74, 5);
insert into order_item (id, order_id, product_id, unit_price, quantity) values (376, 39, 26, 763.68, 10);
insert into order_item (id, order_id, product_id, unit_price, quantity) values (377, 39, 27, 1072.18, 7);
insert into order_item (id, order_id, product_id, unit_price, quantity) values (378, 39, 33, 934.67, 5);
insert into order_item (id, order_id, product_id, unit_price, quantity) values (379, 39, 42, 1103.03, 5);
insert into order_item (id, order_id, product_id, unit_price, quantity) values (380, 39, 62, 992.33, 7);
insert into order_item (id, order_id, product_id, unit_price, quantity) values (381, 39, 63, 1725.09, 5);
insert into order_item (id, order_id, product_id, unit_price, quantity) values (382, 39, 65, 690.73, 13);
insert into order_item (id, order_id, product_id, unit_price, quantity) values (383, 39, 68, 654.32, 1);
insert into order_item (id, order_id, product_id, unit_price, quantity) values (384, 39, 70, 778.81, 2);
insert into order_item (id, order_id, product_id, unit_price, quantity) values (385, 39, 87, 560.33, 6);
insert into order_item (id, order_id, product_id, unit_price, quantity) values (386, 39, 94, 844.38, 3);
insert into order_item (id, order_id, product_id, unit_price, quantity) values (387, 40, 15, 1026.90, 8);
insert into order_item (id, order_id, product_id, unit_price, quantity) values (388, 40, 22, 1120.76, 6);
insert into order_item (id, order_id, product_id, unit_price, quantity) values (389, 40, 43, 951.44, 6);
insert into order_item (id, order_id, product_id, unit_price, quantity) values (390, 40, 61, 938.69, 9);
insert into order_item (id, order_id, product_id, unit_price, quantity) values (391, 40, 63, 1725.09, 6);
insert into order_item (id, order_id, product_id, unit_price, quantity) values (392, 41, 11, 905.56, 3);
insert into order_item (id, order_id, product_id, unit_price, quantity) values (393, 41, 17, 558.84, 6);
insert into order_item (id, order_id, product_id, unit_price, quantity) values (394, 41, 18, 985.92, 5);
insert into order_item (id, order_id, product_id, unit_price, quantity) values (395, 41, 27, 1072.18, 7);
insert into order_item (id, order_id, product_id, unit_price, quantity) values (396, 41, 90, 1661.31, 7);
insert into order_item (id, order_id, product_id, unit_price, quantity) values (397, 41, 94, 844.38, 8);
insert into order_item (id, order_id, product_id, unit_price, quantity) values (398, 41, 98, 1187.50, 8);
insert into order_item (id, order_id, product_id, unit_price, quantity) values (399, 42, 5, 626.81, 6);
insert into order_item (id, order_id, product_id, unit_price, quantity) values (400, 42, 10, 1408.16, 2);
insert into order_item (id, order_id, product_id, unit_price, quantity) values (401, 42, 13, 972.50, 7);
insert into order_item (id, order_id, product_id, unit_price, quantity) values (402, 42, 33, 934.67, 7);
insert into order_item (id, order_id, product_id, unit_price, quantity) values (403, 42, 37, 953.47, 10);
insert into order_item (id, order_id, product_id, unit_price, quantity) values (404, 42, 38, 649.78, 4);
insert into order_item (id, order_id, product_id, unit_price, quantity) values (405, 42, 58, 543.16, 0);
insert into order_item (id, order_id, product_id, unit_price, quantity) values (406, 42, 78, 981.18, 2);
insert into order_item (id, order_id, product_id, unit_price, quantity) values (407, 42, 80, 1254.60, 4);
insert into order_item (id, order_id, product_id, unit_price, quantity) values (408, 42, 94, 844.38, 9);
insert into order_item (id, order_id, product_id, unit_price, quantity) values (409, 42, 96, 1353.48, 3);
insert into order_item (id, order_id, product_id, unit_price, quantity) values (410, 43, 3, 715.86, 1);
insert into order_item (id, order_id, product_id, unit_price, quantity) values (411, 43, 15, 1026.90, 10);
insert into order_item (id, order_id, product_id, unit_price, quantity) values (412, 43, 21, 784.27, 3);
insert into order_item (id, order_id, product_id, unit_price, quantity) values (413, 43, 37, 953.47, 1);
insert into order_item (id, order_id, product_id, unit_price, quantity) values (414, 43, 44, 1023.85, 4);
insert into order_item (id, order_id, product_id, unit_price, quantity) values (415, 43, 45, 1464.85, 8);
insert into order_item (id, order_id, product_id, unit_price, quantity) values (416, 43, 66, 845.63, 5);
insert into order_item (id, order_id, product_id, unit_price, quantity) values (417, 43, 69, 1234.51, 8);
insert into order_item (id, order_id, product_id, unit_price, quantity) values (418, 43, 73, 741.01, 8);
insert into order_item (id, order_id, product_id, unit_price, quantity) values (419, 43, 88, 1034.42, 2);
insert into order_item (id, order_id, product_id, unit_price, quantity) values (420, 43, 92, 1330.41, 7);
insert into order_item (id, order_id, product_id, unit_price, quantity) values (421, 43, 96, 1353.48, 8);
insert into order_item (id, order_id, product_id, unit_price, quantity) values (422, 44, 18, 985.92, 3);
insert into order_item (id, order_id, product_id, unit_price, quantity) values (423, 44, 23, 852.04, 2);
insert into order_item (id, order_id, product_id, unit_price, quantity) values (424, 44, 27, 1072.18, 9);
insert into order_item (id, order_id, product_id, unit_price, quantity) values (425, 44, 36, 922.79, 9);
insert into order_item (id, order_id, product_id, unit_price, quantity) values (426, 44, 56, 476.58, 3);
insert into order_item (id, order_id, product_id, unit_price, quantity) values (427, 44, 68, 654.32, 9);
insert into order_item (id, order_id, product_id, unit_price, quantity) values (428, 44, 74, 649.60, 7);
insert into order_item (id, order_id, product_id, unit_price, quantity) values (429, 44, 78, 981.18, 2);
insert into order_item (id, order_id, product_id, unit_price, quantity) values (430, 44, 94, 844.38, 7);
insert into order_item (id, order_id, product_id, unit_price, quantity) values (431, 45, 22, 1120.76, 4);
insert into order_item (id, order_id, product_id, unit_price, quantity) values (432, 45, 28, 1264.04, 7);
insert into order_item (id, order_id, product_id, unit_price, quantity) values (433, 45, 65, 690.73, 3);
insert into order_item (id, order_id, product_id, unit_price, quantity) values (434, 45, 78, 981.18, 5);
insert into order_item (id, order_id, product_id, unit_price, quantity) values (435, 45, 87, 560.33, 2);
insert into order_item (id, order_id, product_id, unit_price, quantity) values (436, 45, 90, 1661.31, 4);
insert into order_item (id, order_id, product_id, unit_price, quantity) values (437, 46, 2, 1139.53, 4);
insert into order_item (id, order_id, product_id, unit_price, quantity) values (438, 46, 10, 1408.16, 5);
insert into order_item (id, order_id, product_id, unit_price, quantity) values (439, 46, 14, 615.26, 2);
insert into order_item (id, order_id, product_id, unit_price, quantity) values (440, 46, 32, 1420.81, 5);
insert into order_item (id, order_id, product_id, unit_price, quantity) values (441, 46, 41, 1207.74, 4);
insert into order_item (id, order_id, product_id, unit_price, quantity) values (442, 46, 43, 951.44, 4);
insert into order_item (id, order_id, product_id, unit_price, quantity) values (443, 46, 56, 476.58, 7);
insert into order_item (id, order_id, product_id, unit_price, quantity) values (444, 46, 84, 899.46, 3);
insert into order_item (id, order_id, product_id, unit_price, quantity) values (445, 46, 90, 1661.31, 7);
insert into order_item (id, order_id, product_id, unit_price, quantity) values (446, 46, 93, 1310.29, 7);
insert into order_item (id, order_id, product_id, unit_price, quantity) values (447, 46, 94, 844.38, 5);
insert into order_item (id, order_id, product_id, unit_price, quantity) values (448, 46, 100, 689.19, 3);
insert into order_item (id, order_id, product_id, unit_price, quantity) values (449, 47, 10, 1408.16, 4);
insert into order_item (id, order_id, product_id, unit_price, quantity) values (450, 47, 17, 558.84, 5);
insert into order_item (id, order_id, product_id, unit_price, quantity) values (451, 47, 24, 1268.86, 5);
insert into order_item (id, order_id, product_id, unit_price, quantity) values (452, 47, 31, 1594.41, 4);
insert into order_item (id, order_id, product_id, unit_price, quantity) values (453, 47, 33, 934.67, 3);
insert into order_item (id, order_id, product_id, unit_price, quantity) values (454, 47, 42, 1103.03, 1);
insert into order_item (id, order_id, product_id, unit_price, quantity) values (455, 47, 45, 1464.85, 6);
insert into order_item (id, order_id, product_id, unit_price, quantity) values (456, 47, 51, 1305.03, 2);
insert into order_item (id, order_id, product_id, unit_price, quantity) values (457, 47, 81, 567.89, 4);
insert into order_item (id, order_id, product_id, unit_price, quantity) values (458, 47, 90, 1661.31, 6);
insert into order_item (id, order_id, product_id, unit_price, quantity) values (459, 48, 9, 656.63, 8);
insert into order_item (id, order_id, product_id, unit_price, quantity) values (460, 48, 36, 922.79, 4);
insert into order_item (id, order_id, product_id, unit_price, quantity) values (461, 48, 44, 1023.85, 6);
insert into order_item (id, order_id, product_id, unit_price, quantity) values (462, 48, 55, 840.58, 4);
insert into order_item (id, order_id, product_id, unit_price, quantity) values (463, 48, 58, 543.16, 7);
insert into order_item (id, order_id, product_id, unit_price, quantity) values (464, 49, 5, 626.81, 3);
insert into order_item (id, order_id, product_id, unit_price, quantity) values (465, 49, 8, 1111.84, 2);
insert into order_item (id, order_id, product_id, unit_price, quantity) values (466, 49, 11, 905.56, 8);
insert into order_item (id, order_id, product_id, unit_price, quantity) values (467, 49, 14, 615.26, 3);
insert into order_item (id, order_id, product_id, unit_price, quantity) values (468, 49, 22, 1120.76, 11);
insert into order_item (id, order_id, product_id, unit_price, quantity) values (469, 49, 23, 852.04, 4);
insert into order_item (id, order_id, product_id, unit_price, quantity) values (470, 49, 40, 1405.80, 2);
insert into order_item (id, order_id, product_id, unit_price, quantity) values (471, 49, 54, 860.16, 3);
insert into order_item (id, order_id, product_id, unit_price, quantity) values (472, 49, 59, 1433.91, 9);
insert into order_item (id, order_id, product_id, unit_price, quantity) values (473, 49, 63, 1725.09, 7);
insert into order_item (id, order_id, product_id, unit_price, quantity) values (474, 49, 64, 874.74, 4);
insert into order_item (id, order_id, product_id, unit_price, quantity) values (475, 49, 75, 1292.50, 4);
insert into order_item (id, order_id, product_id, unit_price, quantity) values (476, 49, 89, 930.92, 2);
insert into order_item (id, order_id, product_id, unit_price, quantity) values (477, 50, 5, 626.81, 4);
insert into order_item (id, order_id, product_id, unit_price, quantity) values (478, 50, 14, 615.26, 6);
insert into order_item (id, order_id, product_id, unit_price, quantity) values (479, 50, 54, 860.16, 4);
insert into order_item (id, order_id, product_id, unit_price, quantity) values (480, 50, 85, 1510.24, 7);
insert into order_item (id, order_id, product_id, unit_price, quantity) values (481, 51, 2, 1139.53, 8);
insert into order_item (id, order_id, product_id, unit_price, quantity) values (482, 51, 7, 665.26, 4);
insert into order_item (id, order_id, product_id, unit_price, quantity) values (483, 51, 16, 1200.12, 5);
insert into order_item (id, order_id, product_id, unit_price, quantity) values (484, 51, 18, 985.92, 6);
insert into order_item (id, order_id, product_id, unit_price, quantity) values (485, 51, 25, 822.97, 4);
insert into order_item (id, order_id, product_id, unit_price, quantity) values (486, 51, 75, 1292.50, 0);
insert into order_item (id, order_id, product_id, unit_price, quantity) values (487, 51, 85, 1510.24, 3);
insert into order_item (id, order_id, product_id, unit_price, quantity) values (488, 51, 90, 1661.31, 9);
insert into order_item (id, order_id, product_id, unit_price, quantity) values (489, 52, 10, 1408.16, 5);
insert into order_item (id, order_id, product_id, unit_price, quantity) values (490, 52, 39, 939.09, 9);
insert into order_item (id, order_id, product_id, unit_price, quantity) values (491, 52, 44, 1023.85, 6);
insert into order_item (id, order_id, product_id, unit_price, quantity) values (492, 52, 59, 1433.91, 2);
insert into order_item (id, order_id, product_id, unit_price, quantity) values (493, 52, 61, 938.69, 2);
insert into order_item (id, order_id, product_id, unit_price, quantity) values (494, 52, 73, 741.01, 4);
insert into order_item (id, order_id, product_id, unit_price, quantity) values (495, 52, 80, 1254.60, 11);
insert into order_item (id, order_id, product_id, unit_price, quantity) values (496, 52, 91, 1126.31, 3);
insert into order_item (id, order_id, product_id, unit_price, quantity) values (497, 52, 92, 1330.41, 5);
insert into order_item (id, order_id, product_id, unit_price, quantity) values (498, 53, 18, 985.92, 3);
insert into order_item (id, order_id, product_id, unit_price, quantity) values (499, 53, 38, 649.78, 6);
insert into order_item (id, order_id, product_id, unit_price, quantity) values (500, 53, 39, 939.09, 9);
insert into order_item (id, order_id, product_id, unit_price, quantity) values (501, 53, 59, 1433.91, 6);
insert into order_item (id, order_id, product_id, unit_price, quantity) values (502, 53, 60, 1217.00, 3);
insert into order_item (id, order_id, product_id, unit_price, quantity) values (503, 54, 3, 715.86, 9);
insert into order_item (id, order_id, product_id, unit_price, quantity) values (504, 54, 11, 905.56, 13);
insert into order_item (id, order_id, product_id, unit_price, quantity) values (505, 54, 17, 558.84, 1);
insert into order_item (id, order_id, product_id, unit_price, quantity) values (506, 54, 21, 784.27, 4);
insert into order_item (id, order_id, product_id, unit_price, quantity) values (507, 54, 22, 1120.76, 2);
insert into order_item (id, order_id, product_id, unit_price, quantity) values (508, 54, 23, 852.04, 6);
insert into order_item (id, order_id, product_id, unit_price, quantity) values (509, 54, 24, 1268.86, 2);
insert into order_item (id, order_id, product_id, unit_price, quantity) values (510, 54, 28, 1264.04, 13);
insert into order_item (id, order_id, product_id, unit_price, quantity) values (511, 54, 32, 1420.81, 6);
insert into order_item (id, order_id, product_id, unit_price, quantity) values (512, 54, 40, 1405.80, 1);
insert into order_item (id, order_id, product_id, unit_price, quantity) values (513, 54, 41, 1207.74, 2);
insert into order_item (id, order_id, product_id, unit_price, quantity) values (514, 54, 47, 884.38, 11);
insert into order_item (id, order_id, product_id, unit_price, quantity) values (515, 54, 80, 1254.60, 7);
insert into order_item (id, order_id, product_id, unit_price, quantity) values (516, 54, 82, 1019.26, 5);
insert into order_item (id, order_id, product_id, unit_price, quantity) values (517, 54, 95, 1074.90, 2);
insert into order_item (id, order_id, product_id, unit_price, quantity) values (518, 55, 12, 1206.73, 10);
insert into order_item (id, order_id, product_id, unit_price, quantity) values (519, 55, 14, 615.26, 2);
insert into order_item (id, order_id, product_id, unit_price, quantity) values (520, 55, 18, 985.92, 3);
insert into order_item (id, order_id, product_id, unit_price, quantity) values (521, 55, 31, 1594.41, 4);
insert into order_item (id, order_id, product_id, unit_price, quantity) values (522, 55, 32, 1420.81, 9);
insert into order_item (id, order_id, product_id, unit_price, quantity) values (523, 55, 36, 922.79, 3);
insert into order_item (id, order_id, product_id, unit_price, quantity) values (524, 55, 42, 1103.03, 3);
insert into order_item (id, order_id, product_id, unit_price, quantity) values (525, 55, 48, 633.00, 4);
insert into order_item (id, order_id, product_id, unit_price, quantity) values (526, 55, 57, 1027.28, 9);
insert into order_item (id, order_id, product_id, unit_price, quantity) values (527, 55, 76, 1253.89, 3);
insert into order_item (id, order_id, product_id, unit_price, quantity) values (528, 55, 88, 1034.42, 2);
insert into order_item (id, order_id, product_id, unit_price, quantity) values (529, 55, 97, 688.89, 5);
insert into order_item (id, order_id, product_id, unit_price, quantity) values (530, 56, 12, 1206.73, 3);
insert into order_item (id, order_id, product_id, unit_price, quantity) values (531, 56, 21, 784.27, 6);
insert into order_item (id, order_id, product_id, unit_price, quantity) values (532, 56, 34, 1026.01, 4);
insert into order_item (id, order_id, product_id, unit_price, quantity) values (533, 56, 41, 1207.74, 6);
insert into order_item (id, order_id, product_id, unit_price, quantity) values (534, 56, 64, 874.74, 2);
insert into order_item (id, order_id, product_id, unit_price, quantity) values (535, 56, 83, 1463.96, 8);
insert into order_item (id, order_id, product_id, unit_price, quantity) values (536, 56, 91, 1126.31, 5);
insert into order_item (id, order_id, product_id, unit_price, quantity) values (537, 57, 2, 1139.53, 4);
insert into order_item (id, order_id, product_id, unit_price, quantity) values (538, 57, 9, 656.63, 8);
insert into order_item (id, order_id, product_id, unit_price, quantity) values (539, 57, 12, 1206.73, 5);
insert into order_item (id, order_id, product_id, unit_price, quantity) values (540, 57, 39, 939.09, 6);
insert into order_item (id, order_id, product_id, unit_price, quantity) values (541, 57, 65, 690.73, 7);
insert into order_item (id, order_id, product_id, unit_price, quantity) values (542, 57, 68, 654.32, 8);
insert into order_item (id, order_id, product_id, unit_price, quantity) values (543, 57, 84, 899.46, 0);
insert into order_item (id, order_id, product_id, unit_price, quantity) values (544, 57, 90, 1661.31, 5);
insert into order_item (id, order_id, product_id, unit_price, quantity) values (545, 58, 9, 656.63, 5);
insert into order_item (id, order_id, product_id, unit_price, quantity) values (546, 58, 33, 934.67, 4);
insert into order_item (id, order_id, product_id, unit_price, quantity) values (547, 58, 40, 1405.80, 3);
insert into order_item (id, order_id, product_id, unit_price, quantity) values (548, 58, 43, 951.44, 3);
insert into order_item (id, order_id, product_id, unit_price, quantity) values (549, 58, 62, 992.33, 8);
insert into order_item (id, order_id, product_id, unit_price, quantity) values (550, 58, 68, 654.32, 4);
insert into order_item (id, order_id, product_id, unit_price, quantity) values (551, 58, 74, 649.60, 8);
insert into order_item (id, order_id, product_id, unit_price, quantity) values (552, 58, 88, 1034.42, 2);
insert into order_item (id, order_id, product_id, unit_price, quantity) values (553, 59, 6, 1018.69, 4);
insert into order_item (id, order_id, product_id, unit_price, quantity) values (554, 59, 7, 665.26, 7);
insert into order_item (id, order_id, product_id, unit_price, quantity) values (555, 59, 8, 1111.84, 1);
insert into order_item (id, order_id, product_id, unit_price, quantity) values (556, 59, 12, 1206.73, 4);
insert into order_item (id, order_id, product_id, unit_price, quantity) values (557, 59, 29, 1175.08, 9);
insert into order_item (id, order_id, product_id, unit_price, quantity) values (558, 59, 33, 934.67, 3);
insert into order_item (id, order_id, product_id, unit_price, quantity) values (559, 59, 44, 1023.85, 8);
insert into order_item (id, order_id, product_id, unit_price, quantity) values (560, 59, 73, 741.01, 7);
insert into order_item (id, order_id, product_id, unit_price, quantity) values (561, 59, 75, 1292.50, 7);
insert into order_item (id, order_id, product_id, unit_price, quantity) values (562, 59, 78, 981.18, 6);
insert into order_item (id, order_id, product_id, unit_price, quantity) values (563, 59, 88, 1034.42, 8);
insert into order_item (id, order_id, product_id, unit_price, quantity) values (564, 59, 99, 904.08, 2);
insert into order_item (id, order_id, product_id, unit_price, quantity) values (565, 60, 3, 715.86, 8);
insert into order_item (id, order_id, product_id, unit_price, quantity) values (566, 60, 13, 972.50, 4);
insert into order_item (id, order_id, product_id, unit_price, quantity) values (567, 60, 22, 1120.76, 0);
insert into order_item (id, order_id, product_id, unit_price, quantity) values (568, 60, 31, 1594.41, 2);
insert into order_item (id, order_id, product_id, unit_price, quantity) values (569, 60, 35, 950.37, 3);
insert into order_item (id, order_id, product_id, unit_price, quantity) values (570, 60, 63, 1725.09, 10);
insert into order_item (id, order_id, product_id, unit_price, quantity) values (571, 60, 81, 567.89, 2);
insert into order_item (id, order_id, product_id, unit_price, quantity) values (572, 60, 88, 1034.42, 9);
insert into order_item (id, order_id, product_id, unit_price, quantity) values (573, 61, 3, 715.86, 4);
insert into order_item (id, order_id, product_id, unit_price, quantity) values (574, 61, 10, 1408.16, 3);
insert into order_item (id, order_id, product_id, unit_price, quantity) values (575, 61, 20, 1025.62, 7);
insert into order_item (id, order_id, product_id, unit_price, quantity) values (576, 61, 26, 763.68, 5);
insert into order_item (id, order_id, product_id, unit_price, quantity) values (577, 61, 47, 884.38, 2);
insert into order_item (id, order_id, product_id, unit_price, quantity) values (578, 61, 48, 633.00, 4);
insert into order_item (id, order_id, product_id, unit_price, quantity) values (579, 61, 57, 1027.28, 2);
insert into order_item (id, order_id, product_id, unit_price, quantity) values (580, 61, 89, 930.92, 5);
insert into order_item (id, order_id, product_id, unit_price, quantity) values (581, 61, 93, 1310.29, 1);
insert into order_item (id, order_id, product_id, unit_price, quantity) values (582, 62, 12, 1206.73, 6);
insert into order_item (id, order_id, product_id, unit_price, quantity) values (583, 62, 22, 1120.76, 0);
insert into order_item (id, order_id, product_id, unit_price, quantity) values (584, 62, 38, 649.78, 2);
insert into order_item (id, order_id, product_id, unit_price, quantity) values (585, 62, 53, 744.19, 9);
insert into order_item (id, order_id, product_id, unit_price, quantity) values (586, 62, 64, 874.74, 12);
insert into order_item (id, order_id, product_id, unit_price, quantity) values (587, 62, 81, 567.89, 7);
insert into order_item (id, order_id, product_id, unit_price, quantity) values (588, 62, 90, 1661.31, 2);
insert into order_item (id, order_id, product_id, unit_price, quantity) values (589, 62, 91, 1126.31, 6);
insert into order_item (id, order_id, product_id, unit_price, quantity) values (590, 63, 2, 1139.53, 3);
insert into order_item (id, order_id, product_id, unit_price, quantity) values (591, 63, 8, 1111.84, 8);
insert into order_item (id, order_id, product_id, unit_price, quantity) values (592, 63, 22, 1120.76, 3);
insert into order_item (id, order_id, product_id, unit_price, quantity) values (593, 63, 25, 822.97, 7);
insert into order_item (id, order_id, product_id, unit_price, quantity) values (594, 63, 58, 543.16, 2);
insert into order_item (id, order_id, product_id, unit_price, quantity) values (595, 63, 60, 1217.00, 3);
insert into order_item (id, order_id, product_id, unit_price, quantity) values (596, 63, 86, 770.87, 3);
insert into order_item (id, order_id, product_id, unit_price, quantity) values (597, 64, 3, 715.86, 10);
insert into order_item (id, order_id, product_id, unit_price, quantity) values (598, 64, 9, 656.63, 5);
insert into order_item (id, order_id, product_id, unit_price, quantity) values (599, 64, 19, 877.74, 4);
insert into order_item (id, order_id, product_id, unit_price, quantity) values (600, 64, 26, 763.68, 3);
insert into order_item (id, order_id, product_id, unit_price, quantity) values (601, 64, 32, 1420.81, 6);
insert into order_item (id, order_id, product_id, unit_price, quantity) values (602, 64, 39, 939.09, 6);
insert into order_item (id, order_id, product_id, unit_price, quantity) values (603, 64, 53, 744.19, 5);
insert into order_item (id, order_id, product_id, unit_price, quantity) values (604, 64, 60, 1217.00, 9);
insert into order_item (id, order_id, product_id, unit_price, quantity) values (605, 64, 69, 1234.51, 2);
insert into order_item (id, order_id, product_id, unit_price, quantity) values (606, 64, 70, 778.81, 1);
insert into order_item (id, order_id, product_id, unit_price, quantity) values (607, 64, 82, 1019.26, 7);
insert into order_item (id, order_id, product_id, unit_price, quantity) values (608, 64, 84, 899.46, 6);
insert into order_item (id, order_id, product_id, unit_price, quantity) values (609, 64, 89, 930.92, 11);
insert into order_item (id, order_id, product_id, unit_price, quantity) values (610, 64, 92, 1330.41, 2);
insert into order_item (id, order_id, product_id, unit_price, quantity) values (611, 65, 20, 1025.62, 3);
insert into order_item (id, order_id, product_id, unit_price, quantity) values (612, 65, 34, 1026.01, 4);
insert into order_item (id, order_id, product_id, unit_price, quantity) values (613, 65, 40, 1405.80, 11);
insert into order_item (id, order_id, product_id, unit_price, quantity) values (614, 65, 53, 744.19, 4);
insert into order_item (id, order_id, product_id, unit_price, quantity) values (615, 65, 60, 1217.00, 6);
insert into order_item (id, order_id, product_id, unit_price, quantity) values (616, 65, 69, 1234.51, 1);
insert into order_item (id, order_id, product_id, unit_price, quantity) values (617, 65, 76, 1253.89, 11);
insert into order_item (id, order_id, product_id, unit_price, quantity) values (618, 66, 1, 1760.98, 6);
insert into order_item (id, order_id, product_id, unit_price, quantity) values (619, 66, 6, 1018.69, 8);
insert into order_item (id, order_id, product_id, unit_price, quantity) values (620, 66, 24, 1268.86, 7);
insert into order_item (id, order_id, product_id, unit_price, quantity) values (621, 66, 28, 1264.04, 5);
insert into order_item (id, order_id, product_id, unit_price, quantity) values (622, 66, 43, 951.44, 2);
insert into order_item (id, order_id, product_id, unit_price, quantity) values (623, 66, 58, 543.16, 3);
insert into order_item (id, order_id, product_id, unit_price, quantity) values (624, 66, 62, 992.33, 7);
insert into order_item (id, order_id, product_id, unit_price, quantity) values (625, 66, 81, 567.89, 9);
insert into order_item (id, order_id, product_id, unit_price, quantity) values (626, 66, 99, 904.08, 4);
insert into order_item (id, order_id, product_id, unit_price, quantity) values (627, 67, 5, 626.81, 8);
insert into order_item (id, order_id, product_id, unit_price, quantity) values (628, 67, 6, 1018.69, 8);
insert into order_item (id, order_id, product_id, unit_price, quantity) values (629, 67, 47, 884.38, 6);
insert into order_item (id, order_id, product_id, unit_price, quantity) values (630, 67, 53, 744.19, 9);
insert into order_item (id, order_id, product_id, unit_price, quantity) values (631, 67, 84, 899.46, 4);
insert into order_item (id, order_id, product_id, unit_price, quantity) values (632, 67, 87, 560.33, 4);
insert into order_item (id, order_id, product_id, unit_price, quantity) values (633, 67, 93, 1310.29, 4);
insert into order_item (id, order_id, product_id, unit_price, quantity) values (634, 67, 97, 688.89, 6);
insert into order_item (id, order_id, product_id, unit_price, quantity) values (635, 67, 99, 904.08, 3);
insert into order_item (id, order_id, product_id, unit_price, quantity) values (636, 68, 5, 626.81, 2);
insert into order_item (id, order_id, product_id, unit_price, quantity) values (637, 68, 23, 852.04, 8);
insert into order_item (id, order_id, product_id, unit_price, quantity) values (638, 68, 24, 1268.86, 11);
insert into order_item (id, order_id, product_id, unit_price, quantity) values (639, 68, 33, 934.67, 6);
insert into order_item (id, order_id, product_id, unit_price, quantity) values (640, 68, 50, 738.66, 9);
insert into order_item (id, order_id, product_id, unit_price, quantity) values (641, 68, 63, 1725.09, 5);
insert into order_item (id, order_id, product_id, unit_price, quantity) values (642, 68, 66, 845.63, 1);
insert into order_item (id, order_id, product_id, unit_price, quantity) values (643, 68, 68, 654.32, 6);
insert into order_item (id, order_id, product_id, unit_price, quantity) values (644, 68, 80, 1254.60, 13);
insert into order_item (id, order_id, product_id, unit_price, quantity) values (645, 68, 81, 567.89, 2);
insert into order_item (id, order_id, product_id, unit_price, quantity) values (646, 68, 86, 770.87, 2);
insert into order_item (id, order_id, product_id, unit_price, quantity) values (647, 69, 1, 1760.98, 8);
insert into order_item (id, order_id, product_id, unit_price, quantity) values (648, 69, 16, 1200.12, 7);
insert into order_item (id, order_id, product_id, unit_price, quantity) values (649, 69, 28, 1264.04, 4);
insert into order_item (id, order_id, product_id, unit_price, quantity) values (650, 69, 36, 922.79, 0);
insert into order_item (id, order_id, product_id, unit_price, quantity) values (651, 69, 40, 1405.80, 6);
insert into order_item (id, order_id, product_id, unit_price, quantity) values (652, 69, 67, 896.82, 2);
insert into order_item (id, order_id, product_id, unit_price, quantity) values (653, 69, 77, 603.48, 4);
insert into order_item (id, order_id, product_id, unit_price, quantity) values (654, 69, 79, 869.45, 5);
insert into order_item (id, order_id, product_id, unit_price, quantity) values (655, 69, 82, 1019.26, 6);
insert into order_item (id, order_id, product_id, unit_price, quantity) values (656, 69, 87, 560.33, 14);
insert into order_item (id, order_id, product_id, unit_price, quantity) values (657, 69, 98, 1187.50, 13);
insert into order_item (id, order_id, product_id, unit_price, quantity) values (658, 70, 6, 1018.69, 0);
insert into order_item (id, order_id, product_id, unit_price, quantity) values (659, 70, 22, 1120.76, 6);
insert into order_item (id, order_id, product_id, unit_price, quantity) values (660, 70, 37, 953.47, 2);
insert into order_item (id, order_id, product_id, unit_price, quantity) values (661, 70, 66, 845.63, 3);
insert into order_item (id, order_id, product_id, unit_price, quantity) values (662, 70, 72, 1204.61, 8);
insert into order_item (id, order_id, product_id, unit_price, quantity) values (663, 70, 78, 981.18, 9);
insert into order_item (id, order_id, product_id, unit_price, quantity) values (664, 70, 80, 1254.60, 5);
insert into order_item (id, order_id, product_id, unit_price, quantity) values (665, 70, 83, 1463.96, 3);
insert into order_item (id, order_id, product_id, unit_price, quantity) values (666, 70, 96, 1353.48, 9);
insert into order_item (id, order_id, product_id, unit_price, quantity) values (667, 71, 22, 1120.76, 4);
insert into order_item (id, order_id, product_id, unit_price, quantity) values (668, 71, 23, 852.04, 8);
insert into order_item (id, order_id, product_id, unit_price, quantity) values (669, 71, 35, 950.37, 6);
insert into order_item (id, order_id, product_id, unit_price, quantity) values (670, 71, 56, 476.58, 0);
insert into order_item (id, order_id, product_id, unit_price, quantity) values (671, 71, 66, 845.63, 0);
insert into order_item (id, order_id, product_id, unit_price, quantity) values (672, 71, 68, 654.32, 8);
insert into order_item (id, order_id, product_id, unit_price, quantity) values (673, 71, 70, 778.81, 7);
insert into order_item (id, order_id, product_id, unit_price, quantity) values (674, 71, 80, 1254.60, 5);
insert into order_item (id, order_id, product_id, unit_price, quantity) values (675, 71, 83, 1463.96, 6);
insert into order_item (id, order_id, product_id, unit_price, quantity) values (676, 71, 88, 1034.42, 0);
insert into order_item (id, order_id, product_id, unit_price, quantity) values (677, 72, 1, 1760.98, 9);
insert into order_item (id, order_id, product_id, unit_price, quantity) values (678, 72, 9, 656.63, 10);
insert into order_item (id, order_id, product_id, unit_price, quantity) values (679, 72, 21, 784.27, 6);
insert into order_item (id, order_id, product_id, unit_price, quantity) values (680, 72, 25, 822.97, 2);
insert into order_item (id, order_id, product_id, unit_price, quantity) values (681, 72, 38, 649.78, 13);
insert into order_item (id, order_id, product_id, unit_price, quantity) values (682, 72, 40, 1405.80, 3);
insert into order_item (id, order_id, product_id, unit_price, quantity) values (683, 72, 53, 744.19, 0);
insert into order_item (id, order_id, product_id, unit_price, quantity) values (684, 72, 74, 649.60, 4);
insert into order_item (id, order_id, product_id, unit_price, quantity) values (685, 72, 95, 1074.90, 3);
insert into order_item (id, order_id, product_id, unit_price, quantity) values (686, 73, 3, 715.86, 4);
insert into order_item (id, order_id, product_id, unit_price, quantity) values (687, 73, 14, 615.26, 2);
insert into order_item (id, order_id, product_id, unit_price, quantity) values (688, 73, 23, 852.04, 5);
insert into order_item (id, order_id, product_id, unit_price, quantity) values (689, 73, 41, 1207.74, 2);
insert into order_item (id, order_id, product_id, unit_price, quantity) values (690, 73, 42, 1103.03, 5);
insert into order_item (id, order_id, product_id, unit_price, quantity) values (691, 73, 55, 840.58, 9);
insert into order_item (id, order_id, product_id, unit_price, quantity) values (692, 73, 56, 476.58, 7);
insert into order_item (id, order_id, product_id, unit_price, quantity) values (693, 73, 69, 1234.51, 1);
insert into order_item (id, order_id, product_id, unit_price, quantity) values (694, 73, 73, 741.01, 5);
insert into order_item (id, order_id, product_id, unit_price, quantity) values (695, 73, 74, 649.60, 9);
insert into order_item (id, order_id, product_id, unit_price, quantity) values (696, 73, 81, 567.89, 5);
insert into order_item (id, order_id, product_id, unit_price, quantity) values (697, 73, 97, 688.89, 4);
insert into order_item (id, order_id, product_id, unit_price, quantity) values (698, 74, 5, 626.81, 4);
insert into order_item (id, order_id, product_id, unit_price, quantity) values (699, 74, 28, 1264.04, 5);
insert into order_item (id, order_id, product_id, unit_price, quantity) values (700, 74, 55, 840.58, 4);
insert into order_item (id, order_id, product_id, unit_price, quantity) values (701, 74, 67, 896.82, 8);
insert into order_item (id, order_id, product_id, unit_price, quantity) values (702, 74, 71, 1255.67, 4);
insert into order_item (id, order_id, product_id, unit_price, quantity) values (703, 74, 76, 1253.89, 4);
insert into order_item (id, order_id, product_id, unit_price, quantity) values (704, 74, 86, 770.87, 3);
insert into order_item (id, order_id, product_id, unit_price, quantity) values (705, 74, 91, 1126.31, 7);
insert into order_item (id, order_id, product_id, unit_price, quantity) values (706, 74, 95, 1074.90, 7);
insert into order_item (id, order_id, product_id, unit_price, quantity) values (707, 75, 29, 1175.08, 4);
insert into order_item (id, order_id, product_id, unit_price, quantity) values (708, 75, 33, 934.67, 7);
insert into order_item (id, order_id, product_id, unit_price, quantity) values (709, 75, 41, 1207.74, 5);
insert into order_item (id, order_id, product_id, unit_price, quantity) values (710, 75, 43, 951.44, 7);
insert into order_item (id, order_id, product_id, unit_price, quantity) values (711, 75, 52, 1154.65, 8);
insert into order_item (id, order_id, product_id, unit_price, quantity) values (712, 75, 54, 860.16, 3);
insert into order_item (id, order_id, product_id, unit_price, quantity) values (713, 75, 63, 1725.09, 11);
insert into order_item (id, order_id, product_id, unit_price, quantity) values (714, 75, 91, 1126.31, 4);
insert into order_item (id, order_id, product_id, unit_price, quantity) values (715, 75, 95, 1074.90, 6);
insert into order_item (id, order_id, product_id, unit_price, quantity) values (716, 76, 18, 985.92, 2);
insert into order_item (id, order_id, product_id, unit_price, quantity) values (717, 76, 20, 1025.62, 5);
insert into order_item (id, order_id, product_id, unit_price, quantity) values (718, 76, 21, 784.27, 5);
insert into order_item (id, order_id, product_id, unit_price, quantity) values (719, 76, 23, 852.04, 11);
insert into order_item (id, order_id, product_id, unit_price, quantity) values (720, 76, 35, 950.37, 6);
insert into order_item (id, order_id, product_id, unit_price, quantity) values (721, 76, 60, 1217.00, 8);
insert into order_item (id, order_id, product_id, unit_price, quantity) values (722, 76, 78, 981.18, 4);
insert into order_item (id, order_id, product_id, unit_price, quantity) values (723, 76, 79, 869.45, 5);
insert into order_item (id, order_id, product_id, unit_price, quantity) values (724, 76, 92, 1330.41, 2);
insert into order_item (id, order_id, product_id, unit_price, quantity) values (725, 77, 3, 715.86, 7);
insert into order_item (id, order_id, product_id, unit_price, quantity) values (726, 77, 5, 626.81, 9);
insert into order_item (id, order_id, product_id, unit_price, quantity) values (727, 77, 6, 1018.69, 2);
insert into order_item (id, order_id, product_id, unit_price, quantity) values (728, 77, 48, 633.00, 3);
insert into order_item (id, order_id, product_id, unit_price, quantity) values (729, 77, 50, 738.66, 2);
insert into order_item (id, order_id, product_id, unit_price, quantity) values (730, 77, 61, 938.69, 3);
insert into order_item (id, order_id, product_id, unit_price, quantity) values (731, 77, 62, 992.33, 4);
insert into order_item (id, order_id, product_id, unit_price, quantity) values (732, 77, 67, 896.82, 3);
insert into order_item (id, order_id, product_id, unit_price, quantity) values (733, 77, 89, 930.92, 5);
insert into order_item (id, order_id, product_id, unit_price, quantity) values (734, 78, 4, 1453.79, 3);
insert into order_item (id, order_id, product_id, unit_price, quantity) values (735, 78, 16, 1200.12, 4);
insert into order_item (id, order_id, product_id, unit_price, quantity) values (736, 78, 48, 633.00, 1);
insert into order_item (id, order_id, product_id, unit_price, quantity) values (737, 78, 49, 948.75, 4);
insert into order_item (id, order_id, product_id, unit_price, quantity) values (738, 78, 58, 543.16, 4);
insert into order_item (id, order_id, product_id, unit_price, quantity) values (739, 78, 66, 845.63, 1);
insert into order_item (id, order_id, product_id, unit_price, quantity) values (740, 78, 79, 869.45, 8);
insert into order_item (id, order_id, product_id, unit_price, quantity) values (741, 78, 90, 1661.31, 10);
insert into order_item (id, order_id, product_id, unit_price, quantity) values (742, 78, 100, 689.19, 0);
insert into order_item (id, order_id, product_id, unit_price, quantity) values (743, 79, 24, 1268.86, 7);
insert into order_item (id, order_id, product_id, unit_price, quantity) values (744, 79, 34, 1026.01, 4);
insert into order_item (id, order_id, product_id, unit_price, quantity) values (745, 79, 40, 1405.80, 6);
insert into order_item (id, order_id, product_id, unit_price, quantity) values (746, 79, 58, 543.16, 10);
insert into order_item (id, order_id, product_id, unit_price, quantity) values (747, 79, 64, 874.74, 6);
insert into order_item (id, order_id, product_id, unit_price, quantity) values (748, 79, 70, 778.81, 4);
insert into order_item (id, order_id, product_id, unit_price, quantity) values (749, 79, 74, 649.60, 6);
insert into order_item (id, order_id, product_id, unit_price, quantity) values (750, 79, 86, 770.87, 4);
insert into order_item (id, order_id, product_id, unit_price, quantity) values (751, 79, 94, 844.38, 0);
insert into order_item (id, order_id, product_id, unit_price, quantity) values (752, 80, 11, 905.56, 10);
insert into order_item (id, order_id, product_id, unit_price, quantity) values (753, 80, 13, 972.50, 4);
insert into order_item (id, order_id, product_id, unit_price, quantity) values (754, 80, 70, 778.81, 8);
insert into order_item (id, order_id, product_id, unit_price, quantity) values (755, 80, 72, 1204.61, 6);
insert into order_item (id, order_id, product_id, unit_price, quantity) values (756, 80, 81, 567.89, 1);
insert into order_item (id, order_id, product_id, unit_price, quantity) values (757, 80, 87, 560.33, 10);
insert into order_item (id, order_id, product_id, unit_price, quantity) values (758, 80, 96, 1353.48, 9);
insert into order_item (id, order_id, product_id, unit_price, quantity) values (759, 80, 97, 688.89, 2);
insert into order_item (id, order_id, product_id, unit_price, quantity) values (760, 81, 31, 1594.41, 4);
insert into order_item (id, order_id, product_id, unit_price, quantity) values (761, 81, 36, 922.79, 6);
insert into order_item (id, order_id, product_id, unit_price, quantity) values (762, 81, 38, 649.78, 4);
insert into order_item (id, order_id, product_id, unit_price, quantity) values (763, 81, 66, 845.63, 3);
insert into order_item (id, order_id, product_id, unit_price, quantity) values (764, 81, 69, 1234.51, 4);
insert into order_item (id, order_id, product_id, unit_price, quantity) values (765, 81, 87, 560.33, 2);
insert into order_item (id, order_id, product_id, unit_price, quantity) values (766, 81, 97, 688.89, 3);
insert into order_item (id, order_id, product_id, unit_price, quantity) values (767, 81, 100, 689.19, 5);
insert into order_item (id, order_id, product_id, unit_price, quantity) values (768, 82, 10, 1408.16, 4);
insert into order_item (id, order_id, product_id, unit_price, quantity) values (769, 82, 19, 877.74, 9);
insert into order_item (id, order_id, product_id, unit_price, quantity) values (770, 82, 31, 1594.41, 7);
insert into order_item (id, order_id, product_id, unit_price, quantity) values (771, 82, 44, 1023.85, 8);
insert into order_item (id, order_id, product_id, unit_price, quantity) values (772, 82, 49, 948.75, 9);
insert into order_item (id, order_id, product_id, unit_price, quantity) values (773, 82, 51, 1305.03, 3);
insert into order_item (id, order_id, product_id, unit_price, quantity) values (774, 82, 55, 840.58, 4);
insert into order_item (id, order_id, product_id, unit_price, quantity) values (775, 82, 61, 938.69, 9);
insert into order_item (id, order_id, product_id, unit_price, quantity) values (776, 82, 65, 690.73, 1);
insert into order_item (id, order_id, product_id, unit_price, quantity) values (777, 82, 72, 1204.61, 1);
insert into order_item (id, order_id, product_id, unit_price, quantity) values (778, 82, 79, 869.45, 8);
insert into order_item (id, order_id, product_id, unit_price, quantity) values (779, 82, 97, 688.89, 6);
insert into order_item (id, order_id, product_id, unit_price, quantity) values (780, 83, 4, 1453.79, 2);
insert into order_item (id, order_id, product_id, unit_price, quantity) values (781, 83, 11, 905.56, 6);
insert into order_item (id, order_id, product_id, unit_price, quantity) values (782, 83, 19, 877.74, 3);
insert into order_item (id, order_id, product_id, unit_price, quantity) values (783, 83, 34, 1026.01, 1);
insert into order_item (id, order_id, product_id, unit_price, quantity) values (784, 83, 40, 1405.80, 5);
insert into order_item (id, order_id, product_id, unit_price, quantity) values (785, 83, 46, 1336.88, 3);
insert into order_item (id, order_id, product_id, unit_price, quantity) values (786, 83, 54, 860.16, 2);
insert into order_item (id, order_id, product_id, unit_price, quantity) values (787, 83, 73, 741.01, 7);
insert into order_item (id, order_id, product_id, unit_price, quantity) values (788, 83, 88, 1034.42, 1);
insert into order_item (id, order_id, product_id, unit_price, quantity) values (789, 84, 28, 1264.04, 7);
insert into order_item (id, order_id, product_id, unit_price, quantity) values (790, 84, 30, 1271.06, 7);
insert into order_item (id, order_id, product_id, unit_price, quantity) values (791, 84, 32, 1420.81, 6);
insert into order_item (id, order_id, product_id, unit_price, quantity) values (792, 84, 42, 1103.03, 6);
insert into order_item (id, order_id, product_id, unit_price, quantity) values (793, 84, 46, 1336.88, 7);
insert into order_item (id, order_id, product_id, unit_price, quantity) values (794, 84, 49, 948.75, 5);
insert into order_item (id, order_id, product_id, unit_price, quantity) values (795, 84, 56, 476.58, 3);
insert into order_item (id, order_id, product_id, unit_price, quantity) values (796, 84, 84, 899.46, 4);
insert into order_item (id, order_id, product_id, unit_price, quantity) values (797, 84, 100, 689.19, 4);
insert into order_item (id, order_id, product_id, unit_price, quantity) values (798, 85, 14, 615.26, 7);
insert into order_item (id, order_id, product_id, unit_price, quantity) values (799, 85, 25, 822.97, 2);
insert into order_item (id, order_id, product_id, unit_price, quantity) values (800, 85, 30, 1271.06, 7);
insert into order_item (id, order_id, product_id, unit_price, quantity) values (801, 85, 57, 1027.28, 3);
insert into order_item (id, order_id, product_id, unit_price, quantity) values (802, 85, 60, 1217.00, 7);
insert into order_item (id, order_id, product_id, unit_price, quantity) values (803, 85, 62, 992.33, 7);
insert into order_item (id, order_id, product_id, unit_price, quantity) values (804, 85, 68, 654.32, 3);
insert into order_item (id, order_id, product_id, unit_price, quantity) values (805, 85, 71, 1255.67, 3);
insert into order_item (id, order_id, product_id, unit_price, quantity) values (806, 85, 74, 649.60, 0);
insert into order_item (id, order_id, product_id, unit_price, quantity) values (807, 85, 86, 770.87, 12);
insert into order_item (id, order_id, product_id, unit_price, quantity) values (808, 86, 8, 1111.84, 9);
insert into order_item (id, order_id, product_id, unit_price, quantity) values (809, 86, 11, 905.56, 12);
insert into order_item (id, order_id, product_id, unit_price, quantity) values (810, 86, 29, 1175.08, 3);
insert into order_item (id, order_id, product_id, unit_price, quantity) values (811, 86, 30, 1271.06, 2);
insert into order_item (id, order_id, product_id, unit_price, quantity) values (812, 86, 40, 1405.80, 1);
insert into order_item (id, order_id, product_id, unit_price, quantity) values (813, 86, 52, 1154.65, 5);
insert into order_item (id, order_id, product_id, unit_price, quantity) values (814, 86, 79, 869.45, 5);
insert into order_item (id, order_id, product_id, unit_price, quantity) values (815, 86, 99, 904.08, 5);
insert into order_item (id, order_id, product_id, unit_price, quantity) values (816, 87, 2, 1139.53, 3);
insert into order_item (id, order_id, product_id, unit_price, quantity) values (817, 87, 3, 715.86, 1);
insert into order_item (id, order_id, product_id, unit_price, quantity) values (818, 87, 4, 1453.79, 4);
insert into order_item (id, order_id, product_id, unit_price, quantity) values (819, 87, 16, 1200.12, 8);
insert into order_item (id, order_id, product_id, unit_price, quantity) values (820, 87, 29, 1175.08, 7);
insert into order_item (id, order_id, product_id, unit_price, quantity) values (821, 87, 31, 1594.41, 7);
insert into order_item (id, order_id, product_id, unit_price, quantity) values (822, 87, 35, 950.37, 0);
insert into order_item (id, order_id, product_id, unit_price, quantity) values (823, 87, 40, 1405.80, 7);
insert into order_item (id, order_id, product_id, unit_price, quantity) values (824, 87, 55, 840.58, 5);
insert into order_item (id, order_id, product_id, unit_price, quantity) values (825, 87, 57, 1027.28, 2);
insert into order_item (id, order_id, product_id, unit_price, quantity) values (826, 87, 59, 1433.91, 10);
insert into order_item (id, order_id, product_id, unit_price, quantity) values (827, 87, 63, 1725.09, 4);
insert into order_item (id, order_id, product_id, unit_price, quantity) values (828, 87, 69, 1234.51, 7);
insert into order_item (id, order_id, product_id, unit_price, quantity) values (829, 87, 77, 603.48, 4);
insert into order_item (id, order_id, product_id, unit_price, quantity) values (830, 87, 96, 1353.48, 0);
insert into order_item (id, order_id, product_id, unit_price, quantity) values (831, 87, 97, 688.89, 10);
insert into order_item (id, order_id, product_id, unit_price, quantity) values (832, 88, 6, 1018.69, 6);
insert into order_item (id, order_id, product_id, unit_price, quantity) values (833, 88, 8, 1111.84, 3);
insert into order_item (id, order_id, product_id, unit_price, quantity) values (834, 88, 33, 934.67, 3);
insert into order_item (id, order_id, product_id, unit_price, quantity) values (835, 88, 39, 939.09, 4);
insert into order_item (id, order_id, product_id, unit_price, quantity) values (836, 88, 44, 1023.85, 6);
insert into order_item (id, order_id, product_id, unit_price, quantity) values (837, 88, 56, 476.58, 1);
insert into order_item (id, order_id, product_id, unit_price, quantity) values (838, 88, 68, 654.32, 4);
insert into order_item (id, order_id, product_id, unit_price, quantity) values (839, 88, 72, 1204.61, 7);
insert into order_item (id, order_id, product_id, unit_price, quantity) values (840, 88, 73, 741.01, 6);
insert into order_item (id, order_id, product_id, unit_price, quantity) values (841, 88, 79, 869.45, 5);
insert into order_item (id, order_id, product_id, unit_price, quantity) values (842, 88, 99, 904.08, 7);
insert into order_item (id, order_id, product_id, unit_price, quantity) values (843, 89, 3, 715.86, 6);
insert into order_item (id, order_id, product_id, unit_price, quantity) values (844, 89, 11, 905.56, 1);
insert into order_item (id, order_id, product_id, unit_price, quantity) values (845, 89, 18, 985.92, 4);
insert into order_item (id, order_id, product_id, unit_price, quantity) values (846, 89, 23, 852.04, 5);
insert into order_item (id, order_id, product_id, unit_price, quantity) values (847, 89, 38, 649.78, 11);
insert into order_item (id, order_id, product_id, unit_price, quantity) values (848, 89, 46, 1336.88, 2);
insert into order_item (id, order_id, product_id, unit_price, quantity) values (849, 89, 56, 476.58, 8);
insert into order_item (id, order_id, product_id, unit_price, quantity) values (850, 89, 69, 1234.51, 1);
insert into order_item (id, order_id, product_id, unit_price, quantity) values (851, 89, 81, 567.89, 2);
insert into order_item (id, order_id, product_id, unit_price, quantity) values (852, 89, 93, 1310.29, 7);
insert into order_item (id, order_id, product_id, unit_price, quantity) values (853, 89, 97, 688.89, 8);
insert into order_item (id, order_id, product_id, unit_price, quantity) values (854, 90, 10, 1408.16, 7);
insert into order_item (id, order_id, product_id, unit_price, quantity) values (855, 90, 12, 1206.73, 5);
insert into order_item (id, order_id, product_id, unit_price, quantity) values (856, 90, 26, 763.68, 6);
insert into order_item (id, order_id, product_id, unit_price, quantity) values (857, 90, 41, 1207.74, 2);
insert into order_item (id, order_id, product_id, unit_price, quantity) values (858, 90, 49, 948.75, 6);
insert into order_item (id, order_id, product_id, unit_price, quantity) values (859, 90, 55, 840.58, 4);
insert into order_item (id, order_id, product_id, unit_price, quantity) values (860, 90, 62, 992.33, 4);
insert into order_item (id, order_id, product_id, unit_price, quantity) values (861, 90, 86, 770.87, 7);
insert into order_item (id, order_id, product_id, unit_price, quantity) values (862, 91, 2, 1139.53, 9);
insert into order_item (id, order_id, product_id, unit_price, quantity) values (863, 91, 16, 1200.12, 9);
insert into order_item (id, order_id, product_id, unit_price, quantity) values (864, 91, 40, 1405.80, 8);
insert into order_item (id, order_id, product_id, unit_price, quantity) values (865, 91, 50, 738.66, 8);
insert into order_item (id, order_id, product_id, unit_price, quantity) values (866, 91, 55, 840.58, 6);
insert into order_item (id, order_id, product_id, unit_price, quantity) values (867, 91, 62, 992.33, 7);
insert into order_item (id, order_id, product_id, unit_price, quantity) values (868, 91, 66, 845.63, 2);
insert into order_item (id, order_id, product_id, unit_price, quantity) values (869, 91, 78, 981.18, 6);
insert into order_item (id, order_id, product_id, unit_price, quantity) values (870, 91, 85, 1510.24, 0);
insert into order_item (id, order_id, product_id, unit_price, quantity) values (871, 92, 10, 1408.16, 10);
insert into order_item (id, order_id, product_id, unit_price, quantity) values (872, 92, 24, 1268.86, 9);
insert into order_item (id, order_id, product_id, unit_price, quantity) values (873, 92, 28, 1264.04, 2);
insert into order_item (id, order_id, product_id, unit_price, quantity) values (874, 92, 29, 1175.08, 8);
insert into order_item (id, order_id, product_id, unit_price, quantity) values (875, 92, 41, 1207.74, 4);
insert into order_item (id, order_id, product_id, unit_price, quantity) values (876, 92, 47, 884.38, 7);
insert into order_item (id, order_id, product_id, unit_price, quantity) values (877, 92, 76, 1253.89, 5);
insert into order_item (id, order_id, product_id, unit_price, quantity) values (878, 92, 77, 603.48, 5);
insert into order_item (id, order_id, product_id, unit_price, quantity) values (879, 92, 86, 770.87, 10);
insert into order_item (id, order_id, product_id, unit_price, quantity) values (880, 92, 88, 1034.42, 1);
insert into order_item (id, order_id, product_id, unit_price, quantity) values (881, 92, 95, 1074.90, 9);
insert into order_item (id, order_id, product_id, unit_price, quantity) values (882, 92, 98, 1187.50, 3);
insert into order_item (id, order_id, product_id, unit_price, quantity) values (883, 93, 8, 1111.84, 2);
insert into order_item (id, order_id, product_id, unit_price, quantity) values (884, 93, 10, 1408.16, 5);
insert into order_item (id, order_id, product_id, unit_price, quantity) values (885, 93, 15, 1026.90, 4);
insert into order_item (id, order_id, product_id, unit_price, quantity) values (886, 93, 80, 1254.60, 7);
insert into order_item (id, order_id, product_id, unit_price, quantity) values (887, 93, 87, 560.33, 14);
insert into order_item (id, order_id, product_id, unit_price, quantity) values (888, 93, 94, 844.38, 2);
insert into order_item (id, order_id, product_id, unit_price, quantity) values (889, 93, 100, 689.19, 4);
insert into order_item (id, order_id, product_id, unit_price, quantity) values (890, 94, 1, 1760.98, 1);
insert into order_item (id, order_id, product_id, unit_price, quantity) values (891, 94, 5, 626.81, 3);
insert into order_item (id, order_id, product_id, unit_price, quantity) values (892, 94, 12, 1206.73, 4);
insert into order_item (id, order_id, product_id, unit_price, quantity) values (893, 94, 15, 1026.90, 7);
insert into order_item (id, order_id, product_id, unit_price, quantity) values (894, 94, 45, 1464.85, 5);
insert into order_item (id, order_id, product_id, unit_price, quantity) values (895, 94, 49, 948.75, 7);
insert into order_item (id, order_id, product_id, unit_price, quantity) values (896, 94, 63, 1725.09, 7);
insert into order_item (id, order_id, product_id, unit_price, quantity) values (897, 94, 66, 845.63, 2);
insert into order_item (id, order_id, product_id, unit_price, quantity) values (898, 94, 68, 654.32, 2);
insert into order_item (id, order_id, product_id, unit_price, quantity) values (899, 94, 77, 603.48, 4);
insert into order_item (id, order_id, product_id, unit_price, quantity) values (900, 94, 79, 869.45, 3);
insert into order_item (id, order_id, product_id, unit_price, quantity) values (901, 95, 3, 715.86, 6);
insert into order_item (id, order_id, product_id, unit_price, quantity) values (902, 95, 7, 665.26, 4);
insert into order_item (id, order_id, product_id, unit_price, quantity) values (903, 95, 14, 615.26, 0);
insert into order_item (id, order_id, product_id, unit_price, quantity) values (904, 95, 15, 1026.90, 7);
insert into order_item (id, order_id, product_id, unit_price, quantity) values (905, 95, 23, 852.04, 6);
insert into order_item (id, order_id, product_id, unit_price, quantity) values (906, 95, 32, 1420.81, 3);
insert into order_item (id, order_id, product_id, unit_price, quantity) values (907, 95, 42, 1103.03, 11);
insert into order_item (id, order_id, product_id, unit_price, quantity) values (908, 95, 73, 741.01, 6);
insert into order_item (id, order_id, product_id, unit_price, quantity) values (909, 95, 81, 567.89, 9);
insert into order_item (id, order_id, product_id, unit_price, quantity) values (910, 96, 40, 1405.80, 4);
insert into order_item (id, order_id, product_id, unit_price, quantity) values (911, 96, 44, 1023.85, 5);
insert into order_item (id, order_id, product_id, unit_price, quantity) values (912, 96, 68, 654.32, 7);
insert into order_item (id, order_id, product_id, unit_price, quantity) values (913, 96, 70, 778.81, 5);
insert into order_item (id, order_id, product_id, unit_price, quantity) values (914, 96, 73, 741.01, 4);
insert into order_item (id, order_id, product_id, unit_price, quantity) values (915, 96, 82, 1019.26, 6);
insert into order_item (id, order_id, product_id, unit_price, quantity) values (916, 97, 34, 1026.01, 7);
insert into order_item (id, order_id, product_id, unit_price, quantity) values (917, 97, 38, 649.78, 9);
insert into order_item (id, order_id, product_id, unit_price, quantity) values (918, 97, 43, 951.44, 9);
insert into order_item (id, order_id, product_id, unit_price, quantity) values (919, 97, 69, 1234.51, 9);
insert into order_item (id, order_id, product_id, unit_price, quantity) values (920, 97, 81, 567.89, 3);
insert into order_item (id, order_id, product_id, unit_price, quantity) values (921, 98, 7, 665.26, 8);
insert into order_item (id, order_id, product_id, unit_price, quantity) values (922, 98, 16, 1200.12, 4);
insert into order_item (id, order_id, product_id, unit_price, quantity) values (923, 98, 20, 1025.62, 7);
insert into order_item (id, order_id, product_id, unit_price, quantity) values (924, 98, 27, 1072.18, 6);
insert into order_item (id, order_id, product_id, unit_price, quantity) values (925, 98, 36, 922.79, 3);
insert into order_item (id, order_id, product_id, unit_price, quantity) values (926, 98, 51, 1305.03, 3);
insert into order_item (id, order_id, product_id, unit_price, quantity) values (927, 98, 54, 860.16, 6);
insert into order_item (id, order_id, product_id, unit_price, quantity) values (928, 98, 78, 981.18, 6);
insert into order_item (id, order_id, product_id, unit_price, quantity) values (929, 98, 88, 1034.42, 3);
insert into order_item (id, order_id, product_id, unit_price, quantity) values (930, 99, 4, 1453.79, 9);
insert into order_item (id, order_id, product_id, unit_price, quantity) values (931, 99, 7, 665.26, 5);
insert into order_item (id, order_id, product_id, unit_price, quantity) values (932, 99, 22, 1120.76, 11);
insert into order_item (id, order_id, product_id, unit_price, quantity) values (933, 99, 30, 1271.06, 6);
insert into order_item (id, order_id, product_id, unit_price, quantity) values (934, 99, 31, 1594.41, 6);
insert into order_item (id, order_id, product_id, unit_price, quantity) values (935, 99, 33, 934.67, 1);
insert into order_item (id, order_id, product_id, unit_price, quantity) values (936, 99, 42, 1103.03, 10);
insert into order_item (id, order_id, product_id, unit_price, quantity) values (937, 99, 50, 738.66, 3);
insert into order_item (id, order_id, product_id, unit_price, quantity) values (938, 99, 51, 1305.03, 9);
insert into order_item (id, order_id, product_id, unit_price, quantity) values (939, 99, 56, 476.58, 9);
insert into order_item (id, order_id, product_id, unit_price, quantity) values (940, 99, 61, 938.69, 4);
insert into order_item (id, order_id, product_id, unit_price, quantity) values (941, 99, 84, 899.46, 8);
insert into order_item (id, order_id, product_id, unit_price, quantity) values (942, 99, 97, 688.89, 10);
insert into order_item (id, order_id, product_id, unit_price, quantity) values (943, 100, 6, 1018.69, 2);
insert into order_item (id, order_id, product_id, unit_price, quantity) values (944, 100, 16, 1200.12, 9);
insert into order_item (id, order_id, product_id, unit_price, quantity) values (945, 100, 53, 744.19, 1);
insert into order_item (id, order_id, product_id, unit_price, quantity) values (946, 100, 64, 874.74, 7);
insert into order_item (id, order_id, product_id, unit_price, quantity) values (947, 100, 70, 778.81, 1);
insert into order_item (id, order_id, product_id, unit_price, quantity) values (948, 100, 73, 741.01, 9);
insert into order_item (id, order_id, product_id, unit_price, quantity) values (949, 100, 78, 981.18, 8);
insert into order_item (id, order_id, product_id, unit_price, quantity) values (950, 100, 81, 567.89, 6);
insert into order_item (id, order_id, product_id, unit_price, quantity) values (951, 100, 89, 930.92, 3);
insert into order_item (id, order_id, product_id, unit_price, quantity) values (952, 100, 93, 1310.29, 4);
insert into order_item (id, order_id, product_id, unit_price, quantity) values (953, 100, 97, 688.89, 7);
insert into order_item (id, order_id, product_id, unit_price, quantity) values (954, 100, 100, 689.19, 11);
